class,filename,fold,gt_deg,pred_deg
1_approach,20251119_130610.jpg,0,0.00,-10.68
1_approach,20251119_130610_012_saved.jpg,0,0.00,-8.76
2_front,20251119_130610_033_saved.jpg,0,7.06,-3.38
2_front,20251119_130610_073_saved.jpg,0,0.38,-5.56
4_right,right (11).jpg,0,-14.15,1.38
3_left,left (210).jpg,0,57.02,6.04
3_left,left (235).jpg,0,42.01,29.19
3_left,left (443).jpg,0,34.65,35.19
3_left,left (508).jpg,0,39.06,33.96
4_right,right (569).jpg,0,-38.95,-31.71
2_front,20251119_161645.jpg,0,0.00,-1.42
2_front,20251119_161646_016_saved.jpg,0,0.71,-0.08
2_front,20251119_161652_018_saved.jpg,0,0.00,2.90
2_front,20251119_161652_081_saved.jpg,0,-2.40,-6.40
2_front,20251119_161750_002_saved.jpg,0,-0.74,-2.78
2_front,20251119_161750_090_saved.jpg,0,0.00,-8.77
4_right,right (1753).jpg,0,-52.50,-60.20
3_left,left (1900).jpg,0,46.81,56.61
1_approach,20251119_175218.jpg,0,-1.33,-6.45
1_approach,20251119_175218_007_saved.jpg,0,-0.34,0.91
2_front,20251119_175218_020_saved.jpg,0,0.42,-3.69
2_front,20251119_175218_096_saved.jpg,0,4.36,0.46
4_right,right (2378).jpg,0,-39.10,-31.47
4_right,right (2379).jpg,0,-39.95,-29.82
2_front,20251120_164854_014_saved.jpg,0,1.51,2.34
2_front,20251120_164854_022_saved.jpg,0,-0.85,-0.96
2_front,20251120_164854_100_saved.jpg,0,0.00,2.81
3_left,left (2849).jpg,0,68.49,39.64
1_approach,20251120_170830_005_saved.jpg,0,-1.18,0.38
1_approach,20251120_170830_018_saved.jpg,0,2.06,0.09
2_front,20251120_170830_031_saved.jpg,0,0.98,-2.47
2_front,20251120_170830_044_saved.jpg,0,0.80,7.57
1_approach,20260721_081349.jpg,0,0.18,-2.57
1_approach,20260721_081351.jpg,0,-21.63,-24.90
3_left,20260724_190451.jpg,0,53.97,36.75
4_right,20260727_151135.jpg,0,-47.39,-58.21
3_left,20260727_151140.jpg,0,58.59,32.12
3_left,20260727_151144.jpg,0,46.53,31.04
3_left,20260727_151146.jpg,0,41.38,41.08
4_right,20260727_151147.jpg,0,-48.15,-46.39
4_right,20260727_151149.jpg,0,-39.01,-50.09
3_left,20260730_190446.jpg,0,31.22,26.42
3_left,20260730_190448.jpg,0,40.13,44.01
4_right,20260730_190450.jpg,0,-42.17,-45.37
4_right,20260730_190453.jpg,0,-53.29,-51.85
3_left,20260731_014014.jpg,0,73.28,59.22
2_front,20260731_014020.jpg,0,5.57,8.36
4_right,20260731_014023.jpg,0,-44.31,-29.33
4_right,20260731_014024.jpg,0,-57.59,-53.79
2_front,20260731_014028.jpg,0,1.48,5.38
2_front,20260731_015823.jpg,0,0.00,-4.04
4_right,20260731_015826.jpg,0,-55.28,33.38
2_front,20260731_015828.jpg,0,1.51,-7.80
3_left,20260731_015831.jpg,0,53.23,56.23
4_right,20260731_015834.jpg,0,-48.30,-50.08
2_front,20260731_015837.jpg,0,2.95,-2.44
1_approach,20260731_015858.jpg,0,-0.70,2.74
4_right,20260731_020835.jpg,0,-52.73,-40.85
4_right,20260731_020844.jpg,0,-44.71,-46.53
3_left,20260731_020847.jpg,0,66.06,61.28
4_right,20260805_182210.jpg,0,-64.74,-50.27
2_front,20260808_000203.jpg,0,-0.30,-10.31
2_front,20260808_000211.jpg,0,2.27,-0.29
4_right,20260809_173921.jpg,0,-57.08,-48.89
2_front,20260809_173923.jpg,0,4.30,-8.79
3_left,20260809_173925.jpg,0,69.90,38.72
2_front,20260810_202356.jpg,0,4.96,-1.24
4_right,20260812_203831.jpg,0,-31.68,-49.57
4_right,20260812_203832.jpg,0,-41.27,-46.32
3_left,20260812_203835.jpg,0,50.19,41.08
2_front,20260812_203837.jpg,0,6.92,-4.49
1_approach,20260823_143257.jpg,0,47.67,33.35
1_approach,20260823_143300.jpg,0,-10.96,4.72
1_approach,20260823_143304.jpg,0,-45.59,-27.65
1_approach,20260824_195908.jpg,0,61.84,37.17
1_approach,20260824_195931.jpg,0,50.69,20.92
1_approach,20260827_200804.jpg,0,18.68,7.70
4_right,20260831_200820.jpg,0,-34.70,-54.28
1_approach,20260831_200826.jpg,0,0.00,-0.00
2_front,20260831_200831.jpg,0,-0.38,-1.52
1_approach,20260831_200838.jpg,0,-0.40,-6.70
2_front,20260831_200840.jpg,0,4.01,4.23
1_approach,20260831_200930.jpg,0,0.00,2.93
2_front,20260831_200933.jpg,0,-4.59,-1.12
4_right,20260831_200935.jpg,0,-47.11,2.97
1_approach,20260831_201012.jpg,0,55.33,20.77
3_left,20260831_201016.jpg,0,42.45,4.30
2_front,20260831_201018.jpg,0,-0.67,-3.59
4_right,20260831_201020.jpg,0,-44.15,-44.07
1_approach,20260831_201027.jpg,0,43.78,34.77
1_approach,20260831_201028.jpg,0,0.00,-8.70
1_approach,20260831_201123.jpg,0,-50.92,-48.41
4_right,20260831_201133.jpg,0,-40.75,-44.68
2_front,20260831_201135.jpg,0,3.11,-0.90
1_approach,20260831_201143.jpg,0,33.69,35.76
2_front,20260831_201147.jpg,0,6.26,12.15
4_right,20260831_201149.jpg,0,-42.78,-6.04
3_left,20260831_201159.jpg,0,34.33,14.18
2_front,20260831_201201.jpg,0,-1.80,-1.51
4_right,20260831_201202.jpg,0,-38.44,-51.91
1_approach,20260831_201238.jpg,0,-42.51,-22.83
4_right,20260831_201242.jpg,0,-49.56,-47.80
2_front,20260831_201244.jpg,0,7.23,2.79
3_left,20260831_201245.jpg,0,54.30,27.69
1_approach,20260831_201252.jpg,0,-41.33,-41.72
1_approach,20260831_201255.jpg,0,0.00,1.07
1_approach,20260831_201310.jpg,0,42.27,35.93
3_left,20260831_201313.jpg,0,37.42,16.73
2_front,20260831_201315.jpg,0,2.89,-6.63
4_right,20260831_201316.jpg,0,-44.22,-34.58
1_approach,20260831_201322.jpg,0,46.11,25.55
3_left,20260831_201325.jpg,0,42.40,22.33
2_front,20260831_201326.jpg,0,2.23,-1.07
4_right,20260831_201327.jpg,0,-37.93,-17.46
1_approach,20260831_201415.jpg,0,-33.16,-19.51
2_front,20260831_201418.jpg,0,13.34,12.63
3_left,20260831_201420.jpg,0,53.25,15.41
1_approach,20260831_201434.jpg,0,-47.25,-21.01
1_approach,20260831_201436.jpg,0,-27.27,-21.09
4_right,20260831_201437.jpg,0,-27.88,-28.72
2_front,20260831_201438.jpg,0,7.71,5.55
3_left,20260831_201440.jpg,0,50.57,6.60
4_right,20260902_170356.jpg,0,-19.57,-21.04
3_left,20260902_170359.jpg,0,59.98,53.79
2_front,20260902_170403.jpg,0,4.47,-4.67
3_left,20260902_170405.jpg,0,16.43,18.40
4_right,20260904_172128.jpg,0,-48.54,-36.75
4_right,20260904_172129.jpg,0,-35.89,-27.53
2_front,20260904_172130.jpg,0,0.44,1.07
3_left,20260904_172133.jpg,0,43.49,47.57
4_right,20260904_172200.jpg,0,-42.12,-27.72
4_right,20260904_172201.jpg,0,-18.30,-16.38
2_front,20260904_172202.jpg,0,0.16,2.91
3_left,20260904_172204.jpg,0,15.47,19.14
4_right,20260907_205806.jpg,0,-22.75,-5.59
2_front,20260907_205807.jpg,0,3.13,2.38
3_left,20260907_205809.jpg,0,41.50,20.87
1_approach,20260907_205816.jpg,0,-48.62,-36.61
4_right,20260907_205819.jpg,0,-36.75,-10.52
3_left,20260907_205821.jpg,0,46.20,28.56
1_approach,20260907_205839.jpg,0,53.41,46.46
3_left,20260907_205845.jpg,0,36.61,19.80
2_front,20260907_205847.jpg,0,0.35,-3.66
4_right,20260907_205849.jpg,0,-36.45,-30.87
2_front,20251119_153628.jpg,1,0.00,3.50
1_approach,20251119_155329.jpg,1,-3.11,-13.14
2_front,20251119_155329_100_saved.jpg,1,-0.18,-2.71
3_left,left (951).jpg,1,30.90,25.06
1_approach,20251119_160548.jpg,1,-8.03,-3.46
2_front,20251119_160548_025_saved.jpg,1,0.00,6.31
2_front,20251119_160555_055_saved.jpg,1,0.00,7.29
1_approach,20251119_163652.jpg,1,-4.59,3.65
2_front,20251119_163653_011_saved.jpg,1,1.06,2.95
2_front,20251119_163653_047_saved.jpg,1,-1.30,-4.78
2_front,20251119_163716_004_saved.jpg,1,2.56,6.31
2_front,20251119_163716_015_saved.jpg,1,0.00,-1.65
2_front,20251119_163716_065_saved.jpg,1,-0.24,0.93
3_left,left (2133).jpg,1,42.39,36.28
2_front,20251119_180913_005_saved.jpg,1,-2.66,-0.86
2_front,20251119_180921_003_saved.jpg,1,1.00,4.24
2_front,20251119_180921_056_saved.jpg,1,-2.87,-6.70
3_left,left (2341).jpg,1,47.70,37.62
3_left,left (2574).jpg,1,54.44,53.62
3_left,left (2630).jpg,1,61.76,-21.20
1_approach,20260708_192159.jpg,1,-2.13,5.18
4_right,20260708_192203.jpg,1,-44.08,-24.73
1_approach,20260708_192208.jpg,1,17.23,32.04
2_front,20260709_202951.jpg,1,0.22,-0.46
3_left,20260709_202953.jpg,1,43.03,39.25
4_right,20260709_203000.jpg,1,-42.78,-16.27
2_front,20260709_203009.jpg,1,1.31,9.17
2_front,20260709_203013.jpg,1,0.00,0.69
4_right,20260709_203021.jpg,1,-58.68,-16.35
3_left,20260709_203041.jpg,1,45.31,39.29
1_approach,20260719_141247.jpg,1,-6.89,-0.77
4_right,20260724_202443.jpg,1,-40.20,-39.45
3_left,20260724_202446.jpg,1,56.40,37.39
1_approach,20260724_202646.jpg,1,-46.90,-59.39
4_right,20260724_202712.jpg,1,-40.68,-41.90
2_front,20260724_202716.jpg,1,-1.10,2.36
3_left,20260724_202718.jpg,1,62.56,49.70
3_left,20260731_012051.jpg,1,53.62,26.58
4_right,20260731_012611.jpg,1,-63.53,-44.43
3_left,20260731_012620.jpg,1,73.61,45.96
2_front,20260731_012622.jpg,1,0.84,6.94
4_right,20260731_012629.jpg,1,-46.43,-30.52
3_left,20260731_012633.jpg,1,63.95,27.83
2_front,20260731_022025.jpg,1,12.55,-1.18
2_front,20260731_022041.jpg,1,3.48,-0.72
4_right,20260731_022044.jpg,1,-46.06,-59.73
3_left,20260731_022047.jpg,1,60.52,36.20
4_right,20260731_022050.jpg,1,-52.76,-62.77
1_approach,20260731_022105.jpg,1,-64.52,-48.25
2_front,20260731_022107.jpg,1,-0.22,12.79
3_left,20260731_022112.jpg,1,70.57,72.20
2_front,20260731_022539.jpg,1,3.38,-0.17
4_right,20260731_022543.jpg,1,-55.65,-48.36
3_left,20260731_022547.jpg,1,68.70,51.57
4_right,20260803_202350.jpg,1,-50.71,-43.72
4_right,20260803_202401.jpg,1,-49.16,-52.60
4_right,20260803_202404.jpg,1,-42.45,-44.63
1_approach,20260803_202423.jpg,1,-52.90,-45.30
4_right,20260803_202425.jpg,1,-52.09,-57.65
4_right,20260803_202436.jpg,1,-45.58,-44.98
4_right,20260803_202438.jpg,1,-53.43,-69.28
1_approach,20260803_203912.jpg,1,-55.47,-55.20
4_right,20260803_203914.jpg,1,-74.96,-10.01
4_right,20260803_203917.jpg,1,-46.30,-17.02
4_right,20260803_203942.jpg,1,-46.77,-55.91
4_right,20260803_203945.jpg,1,-55.13,-65.36
4_right,20260808_114925.jpg,1,-56.25,-63.85
2_front,20260809_172925.jpg,1,4.81,-5.37
2_front,20260809_172935.jpg,1,3.26,1.18
4_right,20260809_172941.jpg,1,-50.01,-54.11
3_left,20260809_172943.jpg,1,48.51,28.63
3_left,20260809_173618.jpg,1,55.65,28.83
4_right,20260809_173622.jpg,1,-50.83,-34.41
4_right,20260812_205130.jpg,1,-55.80,-54.23
1_approach,20260821_193222.jpg,1,-45.85,-27.24
2_front,20260821_193228.jpg,1,0.26,-4.44
4_right,20260821_193234.jpg,1,-44.48,-54.54
1_approach,20260824_184811.jpg,1,38.89,19.67
3_left,20260824_184815.jpg,1,48.27,32.83
1_approach,20260824_184849.jpg,1,12.95,17.00
3_left,20260824_184901.jpg,1,9.21,5.94
1_approach,20260824_195646.jpg,1,-20.77,-37.06
1_approach,20260824_195651.jpg,1,-31.02,-47.67
1_approach,20260824_195707.jpg,1,33.26,2.91
4_right,20260824_195730.jpg,1,-42.47,-50.19
3_left,20260824_195734.jpg,1,39.30,39.04
2_front,20260824_195740.jpg,1,-4.53,-7.72
1_approach,20260824_200049.jpg,1,-1.16,-2.03
4_right,20260824_200051.jpg,1,-23.69,-7.75
1_approach,20260824_200122.jpg,1,12.75,18.76
2_front,20260824_200125.jpg,1,12.66,-1.33
1_approach,20260824_200133.jpg,1,46.27,44.71
3_left,20260824_200139.jpg,1,53.79,48.90
2_front,20260824_200144.jpg,1,4.34,-0.67
1_approach,20260824_200238.jpg,1,-60.73,-67.06
1_approach,20260824_200248.jpg,1,-47.39,-55.95
4_right,20260824_200250.jpg,1,-51.92,-53.75
1_approach,20260824_200341.jpg,1,-51.64,-43.23
1_approach,20260824_200356.jpg,1,-26.22,-19.33
2_front,20260827_201705.jpg,1,-2.12,-2.23
4_right,20260827_201707.jpg,1,-39.37,-61.04
1_approach,20260828_103923.jpg,1,-58.80,-19.89
2_front,20260828_104035.jpg,1,-0.17,-7.77
4_right,20260828_104040.jpg,1,-11.63,-24.75
4_right,20260828_104042.jpg,1,-39.46,-45.83
1_approach,20260828_104135.jpg,1,60.26,48.81
1_approach,20260828_104137.jpg,1,8.93,0.80
1_approach,20260828_104153.jpg,1,-11.59,-7.07
2_front,20260828_104200.jpg,1,-6.57,-1.61
1_approach,20260828_104220.jpg,1,-19.86,-8.36
1_approach,20260828_104245.jpg,1,45.80,55.18
1_approach,20260828_104248.jpg,1,-15.48,-17.69
3_left,20260831_200450.jpg,1,47.29,18.37
4_right,20260831_200454.jpg,1,-39.59,-28.70
1_approach,20260831_200457.jpg,1,-47.10,-49.38
1_approach,20260907_205419.jpg,1,-22.17,-32.87
1_approach,20260907_205421.jpg,1,1.27,-2.19
1_approach,20260907_205423.jpg,1,40.14,42.64
1_approach,20260907_205429.jpg,1,-37.90,-46.56
1_approach,20260907_205431.jpg,1,-2.29,-2.30
1_approach,20260907_205433.jpg,1,29.43,29.91
3_left,20260907_205442.jpg,1,43.71,38.77
2_front,20260907_205444.jpg,1,0.00,2.32
1_approach,20260907_205446.jpg,1,-36.72,-39.43
3_left,20260907_205457.jpg,1,39.50,21.12
2_front,20260907_205459.jpg,1,-0.67,-7.61
4_right,20260907_205506.jpg,1,-20.81,-13.25
3_left,20260907_205509.jpg,1,25.47,32.99
4_right,20260907_205513.jpg,1,-18.07,0.85
1_approach,20260907_205614.jpg,1,-30.54,-45.46
1_approach,20260907_205615.jpg,1,-0.37,9.50
1_approach,20260907_205617.jpg,1,33.34,46.24
1_approach,20260907_205630.jpg,1,-41.19,-50.93
1_approach,20260907_205632.jpg,1,-0.50,5.07
1_approach,20260907_205633.jpg,1,22.92,34.02
1_approach,20260907_205637.jpg,1,-31.63,-37.58
1_approach,20260907_205638.jpg,1,1.41,13.88
1_approach,20260907_205639.jpg,1,29.78,33.48
3_left,20260907_205647.jpg,1,26.28,17.25
4_right,20260907_205650.jpg,1,-24.62,-7.36
1_approach,20260907_205659.jpg,1,38.25,42.41
1_approach,20260907_205700.jpg,1,0.98,-7.89
3_left,20260907_205703.jpg,1,44.38,34.19
2_front,20260907_205705.jpg,1,-0.40,12.81
1_approach,20251119_131145.jpg,2,0.12,-4.43
2_front,20251119_131206_025_saved.jpg,2,0.17,-3.81
3_left,left (718).jpg,2,33.65,23.93
3_left,left (1184).jpg,2,47.09,58.62
4_right,right (1194).jpg,2,-44.29,-35.21
4_right,right (1195).jpg,2,-35.69,-31.94
2_front,20251119_162308_009_saved.jpg,2,-2.58,-2.14
2_front,20251119_162317_030_saved.jpg,2,0.65,-3.05
1_approach,right (1482).jpg,2,-37.54,-40.48
1_approach,left (1690).jpg,2,39.39,33.66
1_approach,20251119_175635_007_saved.jpg,2,-0.44,2.36
2_front,20251119_175635_016_saved.jpg,2,1.72,0.71
2_front,20251119_175635_091_saved.jpg,2,0.00,-2.88
2_front,20251119_175647_046_saved.jpg,2,0.00,-0.28
2_front,20251119_175647_072_saved.jpg,2,5.33,1.70
2_front,20251120_163823_084_saved.jpg,2,0.74,13.06
1_approach,20251120_165640_001_saved.jpg,2,-0.13,-18.00
2_front,20251120_165640_012_saved.jpg,2,1.65,-2.29
2_front,20251120_165640_025_saved.jpg,2,0.00,-6.06
2_front,20251120_165646_067_saved.jpg,2,1.53,-0.03
2_front,20251120_165646_093_saved.jpg,2,1.46,-7.16
4_right,right (2936).jpg,2,-54.92,-44.37
3_left,left (3072).jpg,2,53.43,51.90
3_left,left (3290).jpg,2,57.13,34.82
3_left,left (3306).jpg,2,61.14,51.84
3_left,left (3355).jpg,2,58.15,30.68
1_approach,20251120_171001_008_saved.jpg,2,1.52,-2.98
4_right,right (3223).jpg,2,-44.88,-37.73
4_right,right (3301).jpg,2,-45.45,-36.83
3_left,left (3588).jpg,2,57.54,34.56
3_left,20260709_201944.jpg,2,48.17,24.56
4_right,20260709_201946.jpg,2,-24.38,-18.66
2_front,20260719_141356.jpg,2,-0.58,2.09
3_left,20260722_133658.jpg,2,55.86,28.48
4_right,20260722_133700.jpg,2,-47.70,-34.29
4_right,20260722_133704.jpg,2,-30.46,-22.01
3_left,20260722_133707.jpg,2,53.04,30.06
3_left,20260722_133710.jpg,2,64.43,18.16
3_left,20260722_133728.jpg,2,64.34,23.99
3_left,20260722_133731.jpg,2,58.22,22.98
3_left,20260724_201327.jpg,2,65.54,24.55
1_approach,20260724_201358.jpg,2,55.24,58.16
2_front,20260724_201400.jpg,2,0.44,-1.73
4_right,20260724_201403.jpg,2,-55.89,-27.03
3_left,20260724_201426.jpg,2,57.57,42.52
3_left,20260724_201427.jpg,2,63.19,45.60
4_right,20260724_201430.jpg,2,-63.49,-9.20
4_right,20260724_201431.jpg,2,-35.67,-36.90
2_front,20260724_201438.jpg,2,0.25,-0.89
2_front,20260724_201439.jpg,2,0.00,8.57
4_right,20260724_201455.jpg,2,-38.96,-56.94
4_right,20260724_201456.jpg,2,-56.00,-59.11
1_approach,20260731_013026.jpg,2,0.27,-1.48
4_right,20260731_013059.jpg,2,-52.29,-51.18
2_front,20260731_013101.jpg,2,-5.48,0.77
3_left,20260731_013103.jpg,2,59.10,47.88
4_right,20260731_013106.jpg,2,-47.74,-52.97
1_approach,20260731_013137.jpg,2,-0.65,-2.25
2_front,20260731_014407.jpg,2,7.77,-1.76
2_front,20260731_014413.jpg,2,1.64,1.52
2_front,20260731_014416.jpg,2,3.01,1.44
4_right,20260731_014423.jpg,2,-54.97,-47.36
1_approach,20260731_014434.jpg,2,55.19,15.48
2_front,20260731_014838.jpg,2,6.93,9.44
3_left,20260731_014842.jpg,2,51.01,29.90
3_left,20260731_014851.jpg,2,68.59,59.17
4_right,20260731_014937.jpg,2,-35.26,-56.01
3_left,20260731_014958.jpg,2,60.88,60.62
4_right,20260731_015001.jpg,2,-42.35,-45.53
1_approach,20260731_015007.jpg,2,-0.72,-8.46
2_front,20260731_015012.jpg,2,4.69,4.17
2_front,20260731_015119.jpg,2,2.28,0.15
3_left,20260731_015123.jpg,2,57.34,61.04
4_right,20260731_015126.jpg,2,-59.68,-67.72
2_front,20260731_015142.jpg,2,1.59,0.86
1_approach,20260731_015157.jpg,2,46.49,61.00
4_right,20260731_015207.jpg,2,-35.92,-29.78
4_right,20260731_015235.jpg,2,-46.04,-27.81
3_left,20260731_015244.jpg,2,66.01,23.65
2_front,20260731_015305.jpg,2,1.85,2.30
3_left,20260731_015308.jpg,2,62.22,43.69
4_right,20260731_015310.jpg,2,-47.17,-55.09
2_front,20260731_020157.jpg,2,0.92,-1.96
4_right,20260731_020200.jpg,2,-48.15,-47.66
3_left,20260731_020211.jpg,2,61.50,43.71
4_right,20260731_020222.jpg,2,-46.60,-29.95
4_right,20260731_020552.jpg,2,-49.91,-23.76
2_front,20260731_021430.jpg,2,-0.45,-9.14
3_left,20260731_021434.jpg,2,63.01,36.94
4_right,20260731_021438.jpg,2,-44.03,-55.25
4_right,20260803_203502.jpg,2,-63.95,-35.20
1_approach,20260803_203549.jpg,2,-50.62,-46.38
4_right,20260809_180128.jpg,2,-38.89,-23.72
4_right,20260812_205232.jpg,2,-68.67,-53.92
1_approach,20260812_205302.jpg,2,-53.97,-35.14
3_left,20260812_205304.jpg,2,66.06,54.82
1_approach,20260812_205406.jpg,2,-50.23,-22.51
4_right,20260812_205408.jpg,2,-65.51,-54.92
2_front,20260812_205409.jpg,2,0.24,-4.77
3_left,20260812_205410.jpg,2,71.92,51.40
1_approach,20260812_205543.jpg,2,-64.65,-62.77
2_front,20260812_205545.jpg,2,0.00,-12.24
2_front,20260819_122945.jpg,2,6.91,-1.44
1_approach,20260827_205348.jpg,2,44.26,46.58
2_front,20260827_205354.jpg,2,-3.87,-1.97
1_approach,20260828_103715.jpg,2,36.35,32.40
1_approach,20260828_103723.jpg,2,-14.83,-3.09
2_front,20260828_103725.jpg,2,-7.56,-0.11
4_right,20260828_115144.jpg,2,-36.97,-50.06
3_left,20260902_165849.jpg,2,56.16,47.08
3_left,20260902_165851.jpg,2,31.22,23.04
1_approach,20260902_165918.jpg,2,16.49,-3.22
1_approach,20260902_165924.jpg,2,50.61,29.90
3_left,20260902_165932.jpg,2,37.23,32.09
4_right,20260902_165935.jpg,2,-15.70,-16.75
3_left,20260902_165942.jpg,2,29.82,31.37
1_approach,20260907_210032.jpg,2,-39.52,-32.76
4_right,20260907_210036.jpg,2,-42.14,-38.04
1_approach,20260907_210041.jpg,2,0.00,0.66
2_front,20260907_210045.jpg,2,0.98,-2.65
1_approach,20260907_210050.jpg,2,36.52,43.75
3_left,20260907_210054.jpg,2,50.72,45.97
1_approach,20260907_210101.jpg,2,-24.36,-16.02
4_right,20260907_210104.jpg,2,-44.63,-44.36
1_approach,20260907_210110.jpg,2,-1.54,1.50
2_front,20260907_210115.jpg,2,1.54,10.06
1_approach,20260907_210120.jpg,2,32.09,23.03
3_left,20260907_210123.jpg,2,40.77,22.81
3_left,20260907_210144.jpg,2,29.94,27.51
2_front,20260907_210145.jpg,2,-1.05,-8.41
4_right,20260907_210148.jpg,2,-43.48,-47.96
3_left,20260907_210151.jpg,2,58.52,38.54
3_left,20260907_210153.jpg,2,58.54,54.36
4_right,20260907_210155.jpg,2,-35.13,-34.66
1_approach,20260907_210207.jpg,2,47.51,38.48
3_left,20260907_210211.jpg,2,51.63,53.05
1_approach,20260907_210216.jpg,2,0.35,6.10
2_front,20260907_210220.jpg,2,-0.55,-0.70
1_approach,20260907_210225.jpg,2,-44.76,-36.29
4_right,20260907_210228.jpg,2,-38.59,-45.09
1_approach,20260907_211356.jpg,2,27.12,41.10
3_left,20260907_211358.jpg,2,34.09,16.45
2_front,20260907_211400.jpg,2,0.21,15.23
4_right,20260907_211401.jpg,2,-45.86,-13.73
1_approach,20251119_132007.jpg,3,0.00,-1.96
2_front,20251119_132013_049_saved.jpg,3,0.61,-3.23
2_front,20251119_132013_100_saved.jpg,3,0.00,-3.54
1_approach,20251119_154949.jpg,3,0.42,3.34
4_right,right (855).jpg,3,-44.49,-28.30
2_front,20251119_162002.jpg,3,1.67,-1.21
2_front,20251119_162003_096_saved.jpg,3,1.45,-5.30
2_front,20251119_162009_097_saved.jpg,3,1.52,-10.41
2_front,20251119_163913_009_saved.jpg,3,2.76,5.53
2_front,20251119_163913_041_saved.jpg,3,4.17,4.60
2_front,20251119_163913_069_saved.jpg,3,-0.50,-10.32
2_front,20251119_163913_081_saved.jpg,3,2.52,0.90
4_right,right (2039).jpg,3,-43.19,-36.87
4_right,right (2092).jpg,3,-54.63,-68.68
1_approach,left (2639).jpg,3,35.51,51.53
4_right,20260708_203255.jpg,3,-34.13,-38.79
4_right,20260708_203259.jpg,3,-42.03,-21.60
3_left,20260708_203305.jpg,3,49.01,9.25
3_left,20260708_203311.jpg,3,52.24,-2.15
2_front,20260708_203323.jpg,3,0.94,-1.30
3_left,20260708_203334.jpg,3,43.74,9.94
3_left,20260708_203344.jpg,3,37.38,16.50
1_approach,20260709_203840.jpg,3,-0.23,2.53
4_right,20260709_203844.jpg,3,-47.22,-30.65
4_right,20260719_150939.jpg,3,-32.82,-24.68
1_approach,20260724_190847.jpg,3,-51.59,-67.66
4_right,20260724_190853.jpg,3,-40.50,-5.35
4_right,20260724_190909.jpg,3,-28.41,-27.59
4_right,20260724_190912.jpg,3,-41.59,-40.42
1_approach,20260724_200439.jpg,3,-31.92,-45.05
4_right,20260724_200442.jpg,3,-41.88,-48.68
4_right,20260724_200446.jpg,3,-23.42,-25.72
4_right,20260724_200447.jpg,3,-39.79,-40.39
4_right,20260724_200454.jpg,3,-30.62,-56.68
4_right,20260731_012218.jpg,3,-57.11,-43.93
2_front,20260731_012226.jpg,3,0.00,-4.86
3_left,20260731_012230.jpg,3,55.05,29.49
4_right,20260731_012312.jpg,3,-29.41,-14.74
4_right,20260731_012352.jpg,3,-39.92,-36.09
3_left,20260731_012403.jpg,3,74.04,21.98
4_right,20260731_012416.jpg,3,-58.04,-33.80
2_front,20260731_012424.jpg,3,0.00,3.08
3_left,20260731_012428.jpg,3,59.38,31.35
4_right,20260731_012908.jpg,3,-36.43,-36.82
2_front,20260731_012910.jpg,3,0.61,-3.89
3_left,20260731_012912.jpg,3,52.97,47.53
3_left,20260731_013835.jpg,3,67.20,50.36
4_right,20260731_013837.jpg,3,-59.89,-55.40
4_right,20260731_013838.jpg,3,-56.55,-60.86
2_front,20260731_013841.jpg,3,1.86,4.27
2_front,20260731_013847.jpg,3,-0.49,-0.36
3_left,20260731_013848.jpg,3,58.17,47.14
4_right,20260731_013850.jpg,3,-55.67,-52.05
3_left,20260731_015603.jpg,3,69.44,43.38
2_front,20260731_015618.jpg,3,0.00,4.75
2_front,20260731_015621.jpg,3,0.34,-1.00
4_right,20260731_015640.jpg,3,-44.01,-76.49
3_left,20260731_015643.jpg,3,74.28,67.64
2_front,20260731_015646.jpg,3,3.75,4.20
2_front,20260731_020000.jpg,3,4.22,-1.56
1_approach,20260731_020007.jpg,3,-54.95,-60.55
2_front,20260731_020015.jpg,3,0.71,4.74
1_approach,20260731_020029.jpg,3,49.48,67.03
3_left,20260731_020033.jpg,3,66.34,59.71
2_front,20260731_023328.jpg,3,-0.32,3.16
1_approach,20260803_203745.jpg,3,-55.71,-51.42
1_approach,20260803_203752.jpg,3,-52.97,-37.57
4_right,20260803_203754.jpg,3,-58.25,-25.07
2_front,20260804_182203.jpg,3,-1.38,-2.59
4_right,20260804_182205.jpg,3,-50.01,-64.81
4_right,20260804_182403.jpg,3,-44.71,-49.77
4_right,20260804_182405.jpg,3,-60.80,-55.10
2_front,20260804_182408.jpg,3,0.00,-9.43
3_left,20260804_182410.jpg,3,54.03,55.65
4_right,20260809_180436.jpg,3,-70.00,-68.34
1_approach,20260821_190952.jpg,3,-56.18,-48.16
2_front,20260821_190959.jpg,3,0.00,-0.55
4_right,20260821_191004.jpg,3,-65.88,-45.70
4_right,20260821_191014.jpg,3,-51.58,-44.36
1_approach,20260823_142748.jpg,3,-45.54,-30.39
1_approach,20260823_142756.jpg,3,0.00,2.68
4_right,20260823_142842.jpg,3,-44.36,-46.02
1_approach,20260823_160517.jpg,3,-55.97,-58.15
1_approach,20260823_160522.jpg,3,-0.29,0.22
1_approach,20260823_161654.jpg,3,25.88,33.28
1_approach,20260827_205637.jpg,3,-40.74,-30.77
4_right,20260827_205639.jpg,3,-51.05,-49.14
1_approach,20260831_200608.jpg,3,35.46,28.81
1_approach,20260831_200625.jpg,3,-33.47,-24.90
4_right,20260831_200628.jpg,3,-16.70,-7.07
1_approach,20260902_170231.jpg,3,-39.96,-8.67
1_approach,20260907_205226.jpg,3,-45.63,-38.88
1_approach,20260907_205227.jpg,3,-3.81,-4.82
1_approach,20260907_205229.jpg,3,35.30,42.12
1_approach,20260907_205234.jpg,3,45.19,47.89
2_front,20260907_205236.jpg,3,0.43,1.84
1_approach,20260907_205237.jpg,3,-31.56,-45.02
3_left,20260907_205239.jpg,3,45.64,61.17
3_left,20260907_205240.jpg,3,23.32,28.63
3_left,20260907_205241.jpg,3,7.04,3.24
4_right,20260907_205243.jpg,3,-26.09,-18.90
3_left,20260907_205246.jpg,3,33.11,46.78
1_approach,20260907_205259.jpg,3,-30.96,-28.74
1_approach,20260907_205301.jpg,3,24.66,6.39
4_right,20260907_210411.jpg,3,-32.20,-26.29
2_front,20260907_210413.jpg,3,0.76,-0.22
3_left,20260907_210415.jpg,3,42.05,35.63
4_right,20260907_210420.jpg,3,-51.42,-51.55
2_front,20260907_210422.jpg,3,0.00,-4.88
3_left,20260907_210423.jpg,3,32.92,23.02
4_right,20260907_210428.jpg,3,-38.49,-42.09
4_right,20260907_210542.jpg,3,-35.27,-30.18
2_front,20260907_210544.jpg,3,-0.18,1.71
3_left,20260907_210546.jpg,3,40.58,34.45
4_right,20260907_210551.jpg,3,-25.49,-37.01
2_front,20260907_210553.jpg,3,0.00,3.11
3_left,20260907_210554.jpg,3,31.87,13.98
4_right,20260907_210600.jpg,3,-24.54,-16.95
2_front,20260907_210601.jpg,3,0.00,4.28
3_left,20260907_210603.jpg,3,26.55,20.53
3_left,20260907_210649.jpg,3,35.74,30.66
2_front,20260907_210651.jpg,3,0.00,3.87
4_right,20260907_210653.jpg,3,-29.16,-34.53
4_right,20260907_210659.jpg,3,-38.60,-8.47
2_front,20260907_210701.jpg,3,0.00,-2.97
3_left,20260907_210703.jpg,3,34.30,42.85
4_right,20260907_210721.jpg,3,-42.65,-30.03
2_front,20260907_210723.jpg,3,2.51,3.07
3_left,20260907_210724.jpg,3,36.15,42.64
3_left,20260907_210733.jpg,3,46.64,16.42
2_front,20260907_210735.jpg,3,0.00,3.36
4_right,20260907_210737.jpg,3,-30.88,-29.10
4_right,20260907_211119.jpg,3,-32.47,-34.13
2_front,20260907_211122.jpg,3,0.83,1.18
3_left,20260907_211144.jpg,3,24.36,37.49
2_front,20260907_211146.jpg,3,0.76,4.68
3_left,20260907_211147.jpg,3,54.20,69.86
4_right,20260907_211153.jpg,3,-45.77,-43.94
2_front,20260907_211201.jpg,3,-0.59,0.82
4_right,20260907_211202.jpg,3,-27.70,-34.02
3_left,20260907_211203.jpg,3,37.37,29.26
4_right,20260907_211208.jpg,3,-65.78,-40.68
3_left,20260907_211210.jpg,3,66.87,75.89
3_left,20260907_211211.jpg,3,58.85,59.12
1_approach,left (1).jpg,4,26.57,33.07
3_left,left (2).jpg,4,41.34,25.05
1_approach,20251119_131658_006_saved.jpg,4,-0.13,-5.38
2_front,20251119_131658_099_saved.jpg,4,0.00,0.70
1_approach,20251119_154454.jpg,4,-6.25,-6.90
2_front,20251119_154454_012_saved.jpg,4,3.32,-1.67
2_front,20251119_154454_100_saved.jpg,4,1.41,-2.81
1_approach,left (1457).jpg,4,25.92,39.07
2_front,20251119_163010_026_saved.jpg,4,-5.27,-10.62
2_front,20251119_163013_023_saved.jpg,4,5.83,1.41
2_front,20251119_163013_068_saved.jpg,4,3.72,-3.16
3_left,left (1625).jpg,4,54.31,54.77
3_left,left (1666).jpg,4,72.23,35.53
4_right,right (1456).jpg,4,-50.91,-45.33
2_front,20251119_163243_040_saved.jpg,4,0.61,-0.20
2_front,20251119_163243_078_saved.jpg,4,-0.18,-0.24
1_approach,20251119_164334_004_saved.jpg,4,1.41,0.41
1_approach,20251119_164334_017_saved.jpg,4,3.04,-0.08
2_front,20251119_164334_029_saved.jpg,4,1.48,1.50
2_front,20251119_164340_063_saved.jpg,4,0.93,-8.55
2_front,20251119_164354_018_saved.jpg,4,3.33,-1.95
2_front,20251119_164354_070_saved.jpg,4,6.63,-0.65
2_front,20251119_181245.jpg,4,4.22,-0.79
2_front,20251119_181245_081_saved.jpg,4,-3.86,-2.72
1_approach,right (2665).jpg,4,-41.58,-23.83
1_approach,20260719_141613.jpg,4,-33.27,-29.59
1_approach,20260719_141616.jpg,4,38.47,49.69
1_approach,20260719_141724.jpg,4,31.08,15.03
1_approach,20260719_141731.jpg,4,-45.14,-40.05
3_left,20260719_141740.jpg,4,39.47,32.11
4_right,20260719_141743.jpg,4,-25.33,-32.80
4_right,20260719_141815.jpg,4,-30.02,-13.23
4_right,20260719_141816.jpg,4,-25.15,-38.46
4_right,20260719_141822.jpg,4,-43.88,-42.15
3_left,20260724_180436.jpg,4,52.77,24.06
3_left,20260724_202157.jpg,4,47.02,42.64
3_left,20260724_202159.jpg,4,55.06,37.29
4_right,20260724_202200.jpg,4,-51.88,-48.42
4_right,20260724_202202.jpg,4,-32.94,-38.92
2_front,20260731_013418.jpg,4,0.00,5.74
1_approach,20260731_013420.jpg,4,53.61,55.54
4_right,20260731_013423.jpg,4,-41.50,-49.04
1_approach,20260731_013449.jpg,4,-53.49,-34.86
4_right,20260731_013453.jpg,4,-56.87,-14.86
2_front,20260731_013602.jpg,4,-3.53,0.70
4_right,20260731_013608.jpg,4,-60.83,-47.03
2_front,20260731_013614.jpg,4,-0.68,1.85
2_front,20260731_023444.jpg,4,4.05,0.48
4_right,20260805_202144.jpg,4,-47.55,-44.26
4_right,20260805_202149.jpg,4,-58.55,-44.46
3_left,20260805_202408.jpg,4,58.83,40.74
3_left,20260805_202411.jpg,4,57.83,4.66
3_left,20260805_202442.jpg,4,60.44,48.09
3_left,20260805_202450.jpg,4,49.69,25.77
3_left,20260806_203443.jpg,4,62.39,55.62
4_right,20260806_203445.jpg,4,-54.16,-57.30
3_left,20260806_203447.jpg,4,68.49,61.99
4_right,20260809_184426.jpg,4,-67.85,-22.46
1_approach,20260823_143119.jpg,4,0.00,-10.61
1_approach,20260823_143123.jpg,4,47.30,20.88
1_approach,20260823_143152.jpg,4,53.49,31.85
4_right,20260823_160640.jpg,4,-40.02,-39.28
2_front,20260823_160657.jpg,4,-0.18,4.21
4_right,20260823_160704.jpg,4,-43.00,-45.07
1_approach,20260823_160802.jpg,4,50.23,24.23
1_approach,20260823_160850.jpg,4,-16.51,-0.91
4_right,20260823_160853.jpg,4,-43.65,-58.10
3_left,20260823_160903.jpg,4,42.00,46.12
1_approach,20260823_160946.jpg,4,-13.50,7.12
1_approach,20260823_161518.jpg,4,43.31,45.17
1_approach,20260823_161526.jpg,4,0.00,-6.55
1_approach,20260823_161533.jpg,4,-40.85,-41.37
1_approach,20260823_161553.jpg,4,-39.17,-27.76
1_approach,20260823_161825.jpg,4,56.74,36.28
3_left,20260823_161829.jpg,4,48.31,41.99
1_approach,20260823_162335.jpg,4,-48.66,-44.18
1_approach,20260823_162338.jpg,4,-11.31,-2.18
1_approach,20260823_162341.jpg,4,49.18,50.67
1_approach,20260823_162421.jpg,4,47.77,46.08
1_approach,20260823_162424.jpg,4,-2.22,-0.14
2_front,20260827_091728.jpg,4,2.96,5.06
1_approach,20260828_104616.jpg,4,35.67,28.48
2_front,20260828_104618.jpg,4,-3.76,-1.62
4_right,20260828_104621.jpg,4,-39.05,-38.42
3_left,20260828_104623.jpg,4,48.09,40.39
2_front,20260828_104625.jpg,4,-0.67,1.13
1_approach,20260828_104632.jpg,4,-39.04,-28.91
4_right,20260828_104642.jpg,4,-24.12,-20.25
2_front,20260828_104644.jpg,4,5.95,3.10
1_approach,20260828_104717.jpg,4,0.00,5.81
2_front,20260828_104719.jpg,4,2.78,0.48
1_approach,20260831_200214.jpg,4,-42.05,-23.53
2_front,20260831_200216.jpg,4,7.24,-4.57
1_approach,20260831_200219.jpg,4,51.56,36.77
2_front,20260831_200223.jpg,4,2.13,9.22
1_approach,20260831_200231.jpg,4,-48.37,-27.98
4_right,20260831_200234.jpg,4,-47.61,-58.99
2_front,20260831_200237.jpg,4,-0.19,-2.36
4_right,20260902_173821.jpg,4,-12.15,-27.51
2_front,20260902_173827.jpg,4,6.47,-2.02
3_left,20260904_161730.jpg,4,42.18,45.85
3_left,20260904_161733.jpg,4,27.73,17.60
1_approach,20260904_161736.jpg,4,49.02,44.66
4_right,20260904_161748.jpg,4,-46.93,-11.59
4_right,20260904_161749.jpg,4,-30.88,-20.75
4_right,20260904_161751.jpg,4,-18.49,-13.95
4_right,20260904_161806.jpg,4,-41.76,-27.26
4_right,20260904_161808.jpg,4,-26.40,-39.10
4_right,20260904_161809.jpg,4,-16.92,-20.88
2_front,20260904_161811.jpg,4,1.93,-2.73
3_left,20260904_161813.jpg,4,35.08,40.50
3_left,20260904_161814.jpg,4,47.87,43.75
3_left,20260904_161820.jpg,4,17.62,16.49
4_right,20260904_161823.jpg,4,-17.76,-34.59
2_front,20260904_161825.jpg,4,0.64,-1.10
4_right,20260904_165508.jpg,4,-14.95,-12.04
4_right,20260904_170758.jpg,4,-42.55,-37.53
4_right,20260904_170800.jpg,4,-14.64,-19.21
2_front,20260904_170801.jpg,4,-0.52,3.43
3_left,20260904_170802.jpg,4,27.66,17.75
3_left,20260904_170803.jpg,4,61.59,60.85
4_right,20260904_170825.jpg,4,-35.59,-40.71
4_right,20260904_170827.jpg,4,-15.51,-30.84
2_front,20260904_170828.jpg,4,-0.16,-5.00
3_left,20260904_170830.jpg,4,26.40,16.24
2_front,20260904_170848.jpg,4,-1.07,-3.72
4_right,20260904_170849.jpg,4,-20.72,-17.15
4_right,20260904_170850.jpg,4,-45.90,-56.34
3_left,20260907_210906.jpg,4,34.31,41.66
2_front,20260907_210908.jpg,4,0.51,-5.28
4_right,20260907_210909.jpg,4,-23.20,-25.65
4_right,20260907_210914.jpg,4,-40.52,-41.31
2_front,20260907_210916.jpg,4,-0.38,-1.27
3_left,20260907_210917.jpg,4,34.61,42.36
1_approach,20260907_210924.jpg,4,-30.61,-49.06
1_approach,20260907_210927.jpg,4,31.18,27.47
1_approach,20260907_210935.jpg,4,-27.41,-32.79
1_approach,20260907_210937.jpg,4,0.00,1.82
1_approach,20260907_210950.jpg,4,-19.86,-37.26
4_right,20260907_210953.jpg,4,-30.13,-26.36
2_front,20260907_210955.jpg,4,-1.18,-0.83
3_left,20260907_210957.jpg,4,34.99,30.82
3_left,20260907_211008.jpg,4,28.78,18.44
4_right,20260907_211011.jpg,4,-13.34,-17.54
