class,filename,angle_deg,geometric_deg,position,risk_level,weight_added
1_approach,20251119_130610.jpg,0.00,0.00,0,,+0.00
1_approach,20251119_130610_012_saved.jpg,0.00,0.00,0,,+0.00
1_approach,20251119_131145.jpg,0.12,0.12,2,,+0.00
1_approach,20251119_131658_006_saved.jpg,-0.13,-0.13,-1,,+0.00
1_approach,20251119_132007.jpg,0.00,0.00,2,,+0.00
1_approach,20251119_154454.jpg,-6.25,-6.25,0,,+0.00
1_approach,20251119_154949.jpg,0.42,0.42,0,,+0.00
1_approach,20251119_155329.jpg,-3.11,-3.11,2,,+0.00
1_approach,20251119_160548.jpg,-8.03,-8.03,1,,+0.00
1_approach,20251119_163652.jpg,-4.59,-4.59,2,,+0.00
1_approach,20251119_164334_004_saved.jpg,1.41,1.41,1,,+0.00
1_approach,20251119_164334_017_saved.jpg,3.04,3.04,1,,+0.00
1_approach,20251119_175218.jpg,-1.33,-1.33,1,,+0.00
1_approach,20251119_175218_007_saved.jpg,-0.34,-0.34,1,,+0.00
1_approach,20251119_175635_007_saved.jpg,-0.44,-0.44,-1,,+0.00
1_approach,20251120_165640_001_saved.jpg,-0.13,-0.13,2,,+0.00
1_approach,20251120_170830_005_saved.jpg,-1.18,-1.18,-1,,+0.00
1_approach,20251120_170830_018_saved.jpg,2.06,2.06,-1,,+0.00
1_approach,20251120_171001_008_saved.jpg,1.52,1.52,-1,,+0.00
1_approach,20260708_192159.jpg,-2.13,-2.13,0,,+0.00
1_approach,20260708_192208.jpg,17.23,17.23,-1,,+0.00
1_approach,20260709_203840.jpg,-0.23,-0.23,-1,,+0.00
1_approach,20260719_141247.jpg,-6.89,-6.89,0,,+0.00
1_approach,20260719_141613.jpg,-33.27,-33.27,-1,,+0.00
1_approach,20260719_141616.jpg,38.47,38.47,0,,+0.00
1_approach,20260719_141724.jpg,31.08,31.08,1,,+0.00
1_approach,20260719_141731.jpg,-45.14,-45.14,1,,+0.00
1_approach,20260721_081349.jpg,0.18,0.18,0,,+0.00
1_approach,20260721_081351.jpg,-21.63,-21.63,0,,+0.00
1_approach,20260724_190847.jpg,-51.59,-51.59,-1,,+0.00
1_approach,20260724_200439.jpg,-31.92,-31.92,0,,+0.00
1_approach,20260724_201358.jpg,55.24,55.24,0,,+0.00
1_approach,20260724_202646.jpg,-46.90,-46.90,-2,,+0.00
1_approach,20260731_013026.jpg,0.27,0.27,-1,,+0.00
1_approach,20260731_013137.jpg,-0.65,-0.65,0,,+0.00
1_approach,20260731_013420.jpg,53.61,53.61,0,,+0.00
1_approach,20260731_013449.jpg,-53.49,-53.49,-2,,+0.00
1_approach,20260731_014434.jpg,55.19,55.19,2,,+0.00
1_approach,20260731_015007.jpg,-0.72,-0.72,-1,,+0.00
1_approach,20260731_015157.jpg,46.49,46.49,1,,+0.00
1_approach,20260731_015858.jpg,-0.70,-0.70,0,,+0.00
1_approach,20260731_020007.jpg,-54.95,-54.95,-2,,+0.00
1_approach,20260731_020029.jpg,49.48,49.48,1,,+0.00
1_approach,20260731_022105.jpg,-64.52,-64.52,-2,,+0.00
1_approach,20260803_202423.jpg,-52.90,-52.90,-2,,+0.00
1_approach,20260803_203549.jpg,-50.62,-50.62,-2,,+0.00
1_approach,20260803_203745.jpg,-55.71,-55.71,-2,,+0.00
1_approach,20260803_203752.jpg,-52.97,-52.97,-2,,+0.00
1_approach,20260803_203912.jpg,-55.47,-55.47,-2,,+0.00
1_approach,20260812_205302.jpg,-53.97,-53.97,-2,,+0.00
1_approach,20260812_205406.jpg,-50.23,-50.23,-2,,+0.00
1_approach,20260812_205543.jpg,-64.65,-64.65,-2,,+0.00
1_approach,20260821_190952.jpg,-56.18,-56.18,-2,,+0.00
1_approach,20260821_193222.jpg,-45.85,-45.85,-2,,+0.00
1_approach,20260823_142748.jpg,-45.54,-45.54,-2,,+0.00
1_approach,20260823_142756.jpg,0.00,0.00,-2,,+0.00
1_approach,20260823_143119.jpg,0.00,0.00,-1,,+0.00
1_approach,20260823_143123.jpg,47.30,47.30,-1,,+0.00
1_approach,20260823_143152.jpg,53.49,53.49,2,,+0.00
1_approach,20260823_143257.jpg,47.67,47.67,2,,+0.00
1_approach,20260823_143300.jpg,-10.96,-10.96,0,,+0.00
1_approach,20260823_143304.jpg,-45.59,-45.59,-1,,+0.00
1_approach,20260823_160517.jpg,-55.97,-55.97,-2,,+0.00
1_approach,20260823_160522.jpg,-0.29,-0.29,-2,,+0.00
1_approach,20260823_160802.jpg,50.23,50.23,2,,+0.00
1_approach,20260823_160850.jpg,-16.51,-16.51,-2,,+0.00
1_approach,20260823_160946.jpg,-13.50,-13.50,-2,,+0.00
1_approach,20260823_161518.jpg,43.31,43.31,2,,+0.00
1_approach,20260823_161526.jpg,0.00,0.00,1,,+0.00
1_approach,20260823_161533.jpg,-40.85,-40.85,-1,,+0.00
1_approach,20260823_161553.jpg,-39.17,-39.17,-1,,+0.00
1_approach,20260823_161654.jpg,25.88,25.88,-2,,+0.00
1_approach,20260823_161825.jpg,56.74,56.74,-1,,+0.00
1_approach,20260823_162335.jpg,-48.66,-48.66,-2,,+0.00
1_approach,20260823_162338.jpg,-11.31,-11.31,-1,,+0.00
1_approach,20260823_162341.jpg,49.18,49.18,0,,+0.00
1_approach,20260823_162421.jpg,47.77,47.77,1,,+0.00
1_approach,20260823_162424.jpg,-2.22,-2.22,2,,+0.00
1_approach,20260824_184811.jpg,38.89,38.89,2,,+0.00
1_approach,20260824_184849.jpg,12.95,12.95,1,,+0.00
1_approach,20260824_195646.jpg,-20.77,-20.77,-1,,+0.00
1_approach,20260824_195651.jpg,-31.02,-31.02,-1,,+0.00
1_approach,20260824_195707.jpg,33.26,33.26,0,,+0.00
1_approach,20260824_195908.jpg,61.84,61.84,2,,+0.00
1_approach,20260824_195931.jpg,50.69,50.69,2,,+0.00
1_approach,20260824_200049.jpg,-1.16,-1.16,-1,,+0.00
1_approach,20260824_200122.jpg,12.75,12.75,1,,+0.00
1_approach,20260824_200133.jpg,46.27,46.27,2,,+0.00
1_approach,20260824_200238.jpg,-60.73,-60.73,-2,,+0.00
1_approach,20260824_200248.jpg,-47.39,-47.39,-1,,+0.00
1_approach,20260824_200341.jpg,-51.64,-51.64,-2,,+0.00
1_approach,20260824_200356.jpg,-26.22,-26.22,-2,,+0.00
1_approach,20260827_200804.jpg,18.68,18.68,0,,+0.00
1_approach,20260827_205348.jpg,44.26,44.26,2,,+0.00
1_approach,20260827_205637.jpg,-40.74,-40.74,-2,,+0.00
1_approach,20260828_103715.jpg,36.35,36.35,1,,+0.00
1_approach,20260828_103723.jpg,-14.83,-14.83,-2,,+0.00
1_approach,20260828_103923.jpg,-58.80,-58.80,-2,,+0.00
1_approach,20260828_104135.jpg,60.26,60.26,2,,+0.00
1_approach,20260828_104137.jpg,8.93,8.93,1,,+0.00
1_approach,20260828_104153.jpg,-11.59,-11.59,-1,,+0.00
1_approach,20260828_104220.jpg,-19.86,-19.86,-2,,+0.00
1_approach,20260828_104245.jpg,45.80,45.80,2,,+0.00
1_approach,20260828_104248.jpg,-15.48,-15.48,0,,+0.00
1_approach,20260828_104616.jpg,35.67,35.67,2,,+0.00
1_approach,20260828_104632.jpg,-39.04,-39.04,-2,,+0.00
1_approach,20260828_104717.jpg,0.00,0.00,-1,,+0.00
1_approach,20260831_200214.jpg,-42.05,-42.05,0,,+0.00
1_approach,20260831_200219.jpg,51.56,51.56,0,,+0.00
1_approach,20260831_200231.jpg,-48.37,-48.37,-2,,+0.00
1_approach,20260831_200457.jpg,-47.10,-47.10,-1,,+0.00
1_approach,20260831_200608.jpg,35.46,35.46,0,,+0.00
1_approach,20260831_200625.jpg,-33.47,-33.47,-2,,+0.00
1_approach,20260831_200826.jpg,0.00,0.00,0,,+0.00
1_approach,20260831_200838.jpg,-0.40,-0.40,0,,+0.00
1_approach,20260831_200930.jpg,0.00,0.00,0,,+0.00
1_approach,20260831_201012.jpg,55.33,55.33,2,,+0.00
1_approach,20260831_201027.jpg,43.78,43.78,1,,+0.00
1_approach,20260831_201028.jpg,0.00,0.00,2,,+0.00
1_approach,20260831_201123.jpg,-50.92,-50.92,-2,,+0.00
1_approach,20260831_201143.jpg,33.69,33.69,0,,+0.00
1_approach,20260831_201238.jpg,-42.51,-42.51,-2,,+0.00
1_approach,20260831_201252.jpg,-41.33,-41.33,-2,,+0.00
1_approach,20260831_201255.jpg,0.00,0.00,0,,+0.00
1_approach,20260831_201310.jpg,42.27,42.27,2,,+0.00
1_approach,20260831_201322.jpg,46.11,46.11,2,,+0.00
1_approach,20260831_201415.jpg,-33.16,-33.16,-2,,+0.00
1_approach,20260831_201434.jpg,-47.25,-47.25,-2,,+0.00
1_approach,20260831_201436.jpg,-27.27,-27.27,0,,+0.00
1_approach,20260902_165918.jpg,16.49,16.49,1,,+0.00
1_approach,20260902_165924.jpg,50.61,50.61,2,,+0.00
1_approach,20260902_170231.jpg,-39.96,-39.96,-1,,+0.00
1_approach,20260904_161736.jpg,49.02,49.02,0,,+0.00
1_approach,20260907_205226.jpg,-45.63,-45.63,1,,+0.00
1_approach,20260907_205227.jpg,-3.81,-3.81,1,,+0.00
1_approach,20260907_205229.jpg,35.30,35.30,1,,+0.00
1_approach,20260907_205234.jpg,45.19,45.19,0,,+0.00
1_approach,20260907_205237.jpg,-31.56,-31.56,0,,+0.00
1_approach,20260907_205259.jpg,-30.96,-30.96,0,,+0.00
1_approach,20260907_205301.jpg,24.66,24.66,0,,+0.00
1_approach,20260907_205419.jpg,-22.17,-22.17,1,,+0.00
1_approach,20260907_205421.jpg,1.27,1.27,1,,+0.00
1_approach,20260907_205423.jpg,40.14,40.14,1,,+0.00
1_approach,20260907_205429.jpg,-37.90,-37.90,0,,+0.00
1_approach,20260907_205431.jpg,-2.29,-2.29,0,,+0.00
1_approach,20260907_205433.jpg,29.43,29.43,0,,+0.00
1_approach,20260907_205446.jpg,-36.72,-36.72,-1,,+0.00
1_approach,20260907_205614.jpg,-30.54,-30.54,-1,,+0.00
1_approach,20260907_205615.jpg,-0.37,-0.37,-2,,+0.00
1_approach,20260907_205617.jpg,33.34,33.34,-2,,+0.00
1_approach,20260907_205630.jpg,-41.19,-41.19,0,,+0.00
1_approach,20260907_205632.jpg,-0.50,-0.50,0,,+0.00
1_approach,20260907_205633.jpg,22.92,22.92,0,,+0.00
1_approach,20260907_205637.jpg,-31.63,-31.63,1,,+0.00
1_approach,20260907_205638.jpg,1.41,1.41,1,,+0.00
1_approach,20260907_205639.jpg,29.78,29.78,1,,+0.00
1_approach,20260907_205659.jpg,38.25,38.25,1,,+0.00
1_approach,20260907_205700.jpg,0.98,0.98,1,,+0.00
1_approach,20260907_205816.jpg,-48.62,-48.62,-1,,+0.00
1_approach,20260907_205839.jpg,53.41,53.41,0,,+0.00
1_approach,20260907_210032.jpg,-39.52,-39.52,-1,,+0.00
1_approach,20260907_210041.jpg,0.00,0.00,-1,,+0.00
1_approach,20260907_210050.jpg,36.52,36.52,-1,,+0.00
1_approach,20260907_210101.jpg,-24.36,-24.36,0,,+0.00
1_approach,20260907_210110.jpg,-1.54,-1.54,0,,+0.00
1_approach,20260907_210120.jpg,32.09,32.09,0,,+0.00
1_approach,20260907_210207.jpg,47.51,47.51,0,,+0.00
1_approach,20260907_210216.jpg,0.35,0.35,0,,+0.00
1_approach,20260907_210225.jpg,-44.76,-44.76,0,,+0.00
1_approach,20260907_210924.jpg,-30.61,-30.61,1,,+0.00
1_approach,20260907_210927.jpg,31.18,31.18,0,,+0.00
1_approach,20260907_210935.jpg,-27.41,-27.41,0,,+0.00
1_approach,20260907_210937.jpg,0.00,0.00,-1,,+0.00
1_approach,20260907_210950.jpg,-19.86,-19.86,-2,,+0.00
1_approach,20260907_211356.jpg,27.12,27.12,0,,+0.00
1_approach,left (1).jpg,26.57,26.57,2,,+0.00
1_approach,left (1457).jpg,25.92,25.92,0,,+0.00
1_approach,left (1690).jpg,39.39,39.39,0,,+0.00
1_approach,left (2639).jpg,35.51,35.51,2,,+0.00
1_approach,right (1482).jpg,-37.54,-37.54,0,,+0.00
1_approach,right (2665).jpg,-41.58,-41.58,0,,+0.00
2_front,20251119_130610_033_saved.jpg,7.06,7.06,0,,+0.00
2_front,20251119_130610_073_saved.jpg,0.38,0.38,0,,+0.00
2_front,20251119_131206_025_saved.jpg,0.17,0.17,-2,,+0.00
2_front,20251119_131658_099_saved.jpg,0.00,0.00,0,,+0.00
2_front,20251119_132013_049_saved.jpg,0.61,0.61,2,,+0.00
2_front,20251119_132013_100_saved.jpg,0.00,0.00,2,,+0.00
2_front,20251119_153628.jpg,0.00,0.00,-1,,+0.00
2_front,20251119_154454_012_saved.jpg,3.32,3.32,0,,+0.00
2_front,20251119_154454_100_saved.jpg,1.41,1.41,0,,+0.00
2_front,20251119_155329_100_saved.jpg,-0.18,-0.18,2,,+0.00
2_front,20251119_160548_025_saved.jpg,0.00,0.00,1,,+0.00
2_front,20251119_160555_055_saved.jpg,0.00,0.00,1,,+0.00
2_front,20251119_161645.jpg,0.00,0.00,0,,+0.00
2_front,20251119_161646_016_saved.jpg,0.71,0.71,0,,+0.00
2_front,20251119_161652_018_saved.jpg,0.00,0.00,1,,+0.00
2_front,20251119_161652_081_saved.jpg,-2.40,-2.40,1,,+0.00
2_front,20251119_161750_002_saved.jpg,-0.74,-0.74,0,,+0.00
2_front,20251119_161750_090_saved.jpg,0.00,0.00,1,,+0.00
2_front,20251119_162002.jpg,1.67,1.67,2,,+0.00
2_front,20251119_162003_096_saved.jpg,1.45,1.45,2,,+0.00
2_front,20251119_162009_097_saved.jpg,1.52,1.52,2,,+0.00
2_front,20251119_162308_009_saved.jpg,-2.58,-2.58,0,,+0.00
2_front,20251119_162317_030_saved.jpg,0.65,0.65,1,,+0.00
2_front,20251119_163010_026_saved.jpg,-5.27,-5.27,0,,+0.00
2_front,20251119_163013_023_saved.jpg,5.83,5.83,1,,+0.00
2_front,20251119_163013_068_saved.jpg,3.72,3.72,0,,+0.00
2_front,20251119_163243_040_saved.jpg,0.61,0.61,1,,+0.00
2_front,20251119_163243_078_saved.jpg,-0.18,-0.18,,,+0.00
2_front,20251119_163653_011_saved.jpg,1.06,1.06,1,,+0.00
2_front,20251119_163653_047_saved.jpg,-1.30,-1.30,1,,+0.00
2_front,20251119_163716_004_saved.jpg,2.56,2.56,-1,,+0.00
2_front,20251119_163716_015_saved.jpg,0.00,0.00,-1,,+0.00
2_front,20251119_163716_065_saved.jpg,-0.24,-0.24,-2,,+0.00
2_front,20251119_163913_009_saved.jpg,2.76,2.76,-2,,+0.00
2_front,20251119_163913_041_saved.jpg,4.17,4.17,-1,,+0.00
2_front,20251119_163913_069_saved.jpg,-0.50,-0.50,-2,,+0.00
2_front,20251119_163913_081_saved.jpg,2.52,2.52,-2,,+0.00
2_front,20251119_164334_029_saved.jpg,1.48,1.48,1,,+0.00
2_front,20251119_164340_063_saved.jpg,0.93,0.93,1,,+0.00
2_front,20251119_164354_018_saved.jpg,3.33,3.33,1,,+0.00
2_front,20251119_164354_070_saved.jpg,6.63,6.63,1,,+0.00
2_front,20251119_175218_020_saved.jpg,0.42,0.42,1,,+0.00
2_front,20251119_175218_096_saved.jpg,4.36,4.36,1,,+0.00
2_front,20251119_175635_016_saved.jpg,1.72,1.72,-1,,+0.00
2_front,20251119_175635_091_saved.jpg,0.00,0.00,-1,,+0.00
2_front,20251119_175647_046_saved.jpg,0.00,0.00,-1,,+0.00
2_front,20251119_175647_072_saved.jpg,5.33,5.33,-1,,+0.00
2_front,20251119_180913_005_saved.jpg,-2.66,-2.66,,,+0.00
2_front,20251119_180921_003_saved.jpg,1.00,1.00,,,+0.00
2_front,20251119_180921_056_saved.jpg,-2.87,-2.87,1,,+0.00
2_front,20251119_181245.jpg,4.22,4.22,2,,+0.00
2_front,20251119_181245_081_saved.jpg,-3.86,-3.86,1,,+0.00
2_front,20251120_163823_084_saved.jpg,0.74,0.74,-2,,+0.00
2_front,20251120_164854_014_saved.jpg,1.51,1.51,0,,+0.00
2_front,20251120_164854_022_saved.jpg,-0.85,-0.85,1,,+0.00
2_front,20251120_164854_100_saved.jpg,0.00,0.00,0,,+0.00
2_front,20251120_165640_012_saved.jpg,1.65,1.65,1,,+0.00
2_front,20251120_165640_025_saved.jpg,0.00,0.00,1,,+0.00
2_front,20251120_165646_067_saved.jpg,1.53,1.53,1,,+0.00
2_front,20251120_165646_093_saved.jpg,1.46,1.46,0,,+0.00
2_front,20251120_170830_031_saved.jpg,0.98,0.98,-1,,+0.00
2_front,20251120_170830_044_saved.jpg,0.80,0.80,-1,,+0.00
2_front,20260708_203323.jpg,0.94,0.94,0,,+0.00
2_front,20260709_202951.jpg,0.22,0.22,0,,+0.00
2_front,20260709_203009.jpg,1.31,1.31,-1,,+0.00
2_front,20260709_203013.jpg,0.00,0.00,-1,,+0.00
2_front,20260719_141356.jpg,-0.58,-0.58,0,,+0.00
2_front,20260724_201400.jpg,0.44,0.44,0,,+0.00
2_front,20260724_201438.jpg,0.25,0.25,0,,+0.00
2_front,20260724_201439.jpg,0.00,0.00,0,,+0.00
2_front,20260724_202716.jpg,-1.10,-1.10,0,,+0.00
2_front,20260731_012226.jpg,0.00,0.00,0,,+0.00
2_front,20260731_012424.jpg,0.00,0.00,1,,+0.00
2_front,20260731_012622.jpg,0.84,0.84,0,,+0.00
2_front,20260731_012910.jpg,0.61,0.61,-1,,+0.00
2_front,20260731_013101.jpg,-5.48,-5.48,0,,+0.00
2_front,20260731_013418.jpg,0.00,0.00,0,,+0.00
2_front,20260731_013602.jpg,-3.53,-3.53,0,,+0.00
2_front,20260731_013614.jpg,-0.68,-0.68,0,,+0.00
2_front,20260731_013841.jpg,1.86,1.86,0,,+0.00
2_front,20260731_013847.jpg,-0.49,-0.49,0,,+0.00
2_front,20260731_014020.jpg,5.57,5.57,0,,+0.00
2_front,20260731_014028.jpg,1.48,1.48,0,,+0.00
2_front,20260731_014407.jpg,7.77,7.77,0,,+0.00
2_front,20260731_014413.jpg,1.64,1.64,0,,+0.00
2_front,20260731_014416.jpg,3.01,3.01,0,,+0.00
2_front,20260731_014838.jpg,6.93,6.93,0,,+0.00
2_front,20260731_015012.jpg,4.69,4.69,2,,+0.00
2_front,20260731_015119.jpg,2.28,2.28,1,,+0.00
2_front,20260731_015142.jpg,1.59,1.59,0,,+0.00
2_front,20260731_015305.jpg,1.85,1.85,0,,+0.00
2_front,20260731_015618.jpg,0.00,0.00,0,,+0.00
2_front,20260731_015621.jpg,0.34,0.34,0,,+0.00
2_front,20260731_015646.jpg,3.75,3.75,0,,+0.00
2_front,20260731_015823.jpg,0.00,0.00,2,,+0.00
2_front,20260731_015828.jpg,1.51,1.51,2,,+0.00
2_front,20260731_015837.jpg,2.95,2.95,1,,+0.00
2_front,20260731_020000.jpg,4.22,4.22,1,,+0.00
2_front,20260731_020015.jpg,0.71,0.71,0,,+0.00
2_front,20260731_020157.jpg,0.92,0.92,0,,+0.00
2_front,20260731_021430.jpg,-0.45,-0.45,1,,+0.00
2_front,20260731_022025.jpg,12.55,12.55,2,,+0.00
2_front,20260731_022041.jpg,3.48,3.48,0,,+0.00
2_front,20260731_022107.jpg,-0.22,-0.22,-2,,+0.00
2_front,20260731_022539.jpg,3.38,3.38,0,,+0.00
2_front,20260731_023328.jpg,-0.32,-0.32,0,,+0.00
2_front,20260731_023444.jpg,4.05,4.05,0,,+0.00
2_front,20260804_182203.jpg,-1.38,-1.38,-1,,+0.00
2_front,20260804_182408.jpg,0.00,0.00,0,,+0.00
2_front,20260808_000203.jpg,-0.30,-0.30,2,,+0.00
2_front,20260808_000211.jpg,2.27,2.27,0,,+0.00
2_front,20260809_172925.jpg,4.81,4.81,0,,+0.00
2_front,20260809_172935.jpg,3.26,3.26,0,,+0.00
2_front,20260809_173923.jpg,4.30,4.30,0,,+0.00
2_front,20260810_202356.jpg,4.96,4.96,0,,+0.00
2_front,20260812_203837.jpg,6.92,6.92,0,,+0.00
2_front,20260812_205409.jpg,0.24,0.24,0,,+0.00
2_front,20260812_205545.jpg,0.00,0.00,0,,+0.00
2_front,20260819_122945.jpg,6.91,6.91,2,,+0.00
2_front,20260821_190959.jpg,0.00,0.00,-1,,+0.00
2_front,20260821_193228.jpg,0.26,0.26,1,,+0.00
2_front,20260823_160657.jpg,-0.18,-0.18,-2,,+0.00
2_front,20260824_195740.jpg,-4.53,-4.53,0,,+0.00
2_front,20260824_200125.jpg,12.66,12.66,0,,+0.00
2_front,20260824_200144.jpg,4.34,4.34,0,,+0.00
2_front,20260827_091728.jpg,2.96,2.96,0,,+0.00
2_front,20260827_201705.jpg,-2.12,-2.12,0,,+0.00
2_front,20260827_205354.jpg,-3.87,-3.87,0,,+0.00
2_front,20260828_103725.jpg,-7.56,-7.56,0,,+0.00
2_front,20260828_104035.jpg,-0.17,-0.17,0,,+0.00
2_front,20260828_104200.jpg,-6.57,-6.57,0,,+0.00
2_front,20260828_104618.jpg,-3.76,-3.76,0,,+0.00
2_front,20260828_104625.jpg,-0.67,-0.67,0,,+0.00
2_front,20260828_104644.jpg,5.95,5.95,0,,+0.00
2_front,20260828_104719.jpg,2.78,2.78,0,,+0.00
2_front,20260831_200216.jpg,7.24,7.24,0,,+0.00
2_front,20260831_200223.jpg,2.13,2.13,1,,+0.00
2_front,20260831_200237.jpg,-0.19,-0.19,1,,+0.00
2_front,20260831_200831.jpg,-0.38,-0.38,1,,+0.00
2_front,20260831_200840.jpg,4.01,4.01,0,,+0.00
2_front,20260831_200933.jpg,-4.59,-4.59,0,,+0.00
2_front,20260831_201018.jpg,-0.67,-0.67,0,,+0.00
2_front,20260831_201135.jpg,3.11,3.11,0,,+0.00
2_front,20260831_201147.jpg,6.26,6.26,0,,+0.00
2_front,20260831_201201.jpg,-1.80,-1.80,0,,+0.00
2_front,20260831_201244.jpg,7.23,7.23,0,,+0.00
2_front,20260831_201315.jpg,2.89,2.89,0,,+0.00
2_front,20260831_201326.jpg,2.23,2.23,0,,+0.00
2_front,20260831_201418.jpg,13.34,13.34,0,,+0.00
2_front,20260831_201438.jpg,7.71,7.71,0,,+0.00
2_front,20260902_170403.jpg,4.47,4.47,0,,+0.00
2_front,20260902_173827.jpg,6.47,6.47,0,,+0.00
2_front,20260904_161811.jpg,1.93,1.93,-1,,+0.00
2_front,20260904_161825.jpg,0.64,0.64,0,,+0.00
2_front,20260904_170801.jpg,-0.52,-0.52,0,,+0.00
2_front,20260904_170828.jpg,-0.16,-0.16,1,,+0.00
2_front,20260904_170848.jpg,-1.07,-1.07,-1,,+0.00
2_front,20260904_172130.jpg,0.44,0.44,0,,+0.00
2_front,20260904_172202.jpg,0.16,0.16,0,,+0.00
2_front,20260907_205236.jpg,0.43,0.43,0,,+0.00
2_front,20260907_205444.jpg,0.00,0.00,0,,+0.00
2_front,20260907_205459.jpg,-0.67,-0.67,0,,+0.00
2_front,20260907_205705.jpg,-0.40,-0.40,0,,+0.00
2_front,20260907_205807.jpg,3.13,3.13,0,,+0.00
2_front,20260907_205847.jpg,0.35,0.35,0,,+0.00
2_front,20260907_210045.jpg,0.98,0.98,0,,+0.00
2_front,20260907_210115.jpg,1.54,1.54,0,,+0.00
2_front,20260907_210145.jpg,-1.05,-1.05,1,,+0.00
2_front,20260907_210220.jpg,-0.55,-0.55,0,,+0.00
2_front,20260907_210413.jpg,0.76,0.76,-1,,+0.00
2_front,20260907_210422.jpg,0.00,0.00,1,,+0.00
2_front,20260907_210544.jpg,-0.18,-0.18,1,,+0.00
2_front,20260907_210553.jpg,0.00,0.00,0,,+0.00
2_front,20260907_210601.jpg,0.00,0.00,-1,,+0.00
2_front,20260907_210651.jpg,0.00,0.00,-1,,+0.00
2_front,20260907_210701.jpg,0.00,0.00,1,,+0.00
2_front,20260907_210723.jpg,2.51,2.51,1,,+0.00
2_front,20260907_210735.jpg,0.00,0.00,-1,,+0.00
2_front,20260907_210908.jpg,0.51,0.51,0,,+0.00
2_front,20260907_210916.jpg,-0.38,-0.38,1,,+0.00
2_front,20260907_210955.jpg,-1.18,-1.18,0,,+0.00
2_front,20260907_211122.jpg,0.83,0.83,0,,+0.00
2_front,20260907_211146.jpg,0.76,0.76,0,,+0.00
2_front,20260907_211201.jpg,-0.59,-0.59,1,,+0.00
2_front,20260907_211400.jpg,0.21,0.21,0,,+0.00
3_left,20260708_203305.jpg,49.01,46.01,-1,1,+3.00
3_left,20260708_203311.jpg,52.24,52.24,1,-1,+0.00
3_left,20260708_203334.jpg,43.74,43.74,1,-1,+0.00
3_left,20260708_203344.jpg,37.38,37.38,0,0,+0.00
3_left,20260709_201944.jpg,48.17,45.17,-1,1,+3.00
3_left,20260709_202953.jpg,43.03,43.03,0,0,+0.00
3_left,20260709_203041.jpg,45.31,45.31,,,+0.00
3_left,20260719_141740.jpg,39.47,39.47,1,-1,+0.00
3_left,20260722_133658.jpg,55.86,55.86,1,-1,+0.00
3_left,20260722_133707.jpg,53.04,53.04,1,-1,+0.00
3_left,20260722_133710.jpg,64.43,64.43,1,-1,+0.00
3_left,20260722_133728.jpg,64.34,64.34,,,+0.00
3_left,20260722_133731.jpg,58.22,58.22,2,-2,+0.00
3_left,20260724_180436.jpg,52.77,49.77,-1,1,+3.00
3_left,20260724_190451.jpg,53.97,50.97,-1,1,+3.00
3_left,20260724_201327.jpg,65.54,65.54,0,0,+0.00
3_left,20260724_201426.jpg,57.57,57.57,0,0,+0.00
3_left,20260724_201427.jpg,63.19,63.19,0,0,+0.00
3_left,20260724_202157.jpg,47.02,47.02,0,0,+0.00
3_left,20260724_202159.jpg,55.06,52.06,-1,1,+3.00
3_left,20260724_202446.jpg,56.40,53.40,-1,1,+3.00
3_left,20260724_202718.jpg,62.56,62.56,0,0,+0.00
3_left,20260727_151140.jpg,58.59,55.59,-1,1,+3.00
3_left,20260727_151144.jpg,46.53,46.53,2,-2,+0.00
3_left,20260727_151146.jpg,41.38,41.38,0,0,+0.00
3_left,20260730_190446.jpg,31.22,31.22,0,0,+0.00
3_left,20260730_190448.jpg,40.13,40.13,0,0,+0.00
3_left,20260731_012051.jpg,53.62,53.62,0,0,+0.00
3_left,20260731_012230.jpg,55.05,55.05,0,0,+0.00
3_left,20260731_012403.jpg,74.04,71.04,-1,1,+3.00
3_left,20260731_012428.jpg,59.38,59.38,0,0,+0.00
3_left,20260731_012620.jpg,73.61,73.61,1,-1,+0.00
3_left,20260731_012633.jpg,63.95,60.95,-1,1,+3.00
3_left,20260731_012912.jpg,52.97,52.97,0,0,+0.00
3_left,20260731_013103.jpg,59.10,59.10,1,-1,+0.00
3_left,20260731_013835.jpg,67.20,67.20,0,0,+0.00
3_left,20260731_013848.jpg,58.17,58.17,0,0,+0.00
3_left,20260731_014014.jpg,73.28,73.28,2,-2,+0.00
3_left,20260731_014842.jpg,51.01,48.01,-1,1,+3.00
3_left,20260731_014851.jpg,68.59,65.59,-1,1,+3.00
3_left,20260731_014958.jpg,60.88,57.88,-1,1,+3.00
3_left,20260731_015123.jpg,57.34,57.34,0,0,+0.00
3_left,20260731_015244.jpg,66.01,66.01,1,-1,+0.00
3_left,20260731_015308.jpg,62.22,62.22,0,0,+0.00
3_left,20260731_015603.jpg,69.44,69.44,2,-2,+0.00
3_left,20260731_015643.jpg,74.28,71.28,-1,1,+3.00
3_left,20260731_015831.jpg,53.23,53.23,1,-1,+0.00
3_left,20260731_020033.jpg,66.34,66.34,2,-2,+0.00
3_left,20260731_020211.jpg,61.50,61.50,2,-2,+0.00
3_left,20260731_020847.jpg,66.06,66.06,0,0,+0.00
3_left,20260731_021434.jpg,63.01,63.01,1,-1,+0.00
3_left,20260731_022047.jpg,60.52,60.52,2,-2,+0.00
3_left,20260731_022112.jpg,70.57,70.57,0,0,+0.00
3_left,20260731_022547.jpg,68.70,68.70,0,0,+0.00
3_left,20260804_182410.jpg,54.03,54.03,2,-2,+0.00
3_left,20260805_202408.jpg,58.83,58.83,2,-2,+0.00
3_left,20260805_202411.jpg,57.83,57.83,1,-1,+0.00
3_left,20260805_202442.jpg,60.44,60.44,1,-1,+0.00
3_left,20260805_202450.jpg,49.69,49.69,1,-1,+0.00
3_left,20260806_203443.jpg,62.39,62.39,1,-1,+0.00
3_left,20260806_203447.jpg,68.49,68.49,0,0,+0.00
3_left,20260809_172943.jpg,48.51,48.51,0,0,+0.00
3_left,20260809_173618.jpg,55.65,55.65,0,0,+0.00
3_left,20260809_173925.jpg,69.90,69.90,0,0,+0.00
3_left,20260812_203835.jpg,50.19,50.19,0,0,+0.00
3_left,20260812_205304.jpg,66.06,66.06,0,0,+0.00
3_left,20260812_205410.jpg,71.92,71.92,0,0,+0.00
3_left,20260823_160903.jpg,42.00,42.00,0,0,+0.00
3_left,20260823_161829.jpg,48.31,48.31,0,0,+0.00
3_left,20260824_184815.jpg,48.27,48.27,1,-1,+0.00
3_left,20260824_184901.jpg,9.21,9.21,0,0,+0.00
3_left,20260824_195734.jpg,39.30,39.30,0,0,+0.00
3_left,20260824_200139.jpg,53.79,53.79,0,0,+0.00
3_left,20260828_104623.jpg,48.09,48.09,0,0,+0.00
3_left,20260831_200450.jpg,47.29,47.29,0,0,+0.00
3_left,20260831_201016.jpg,42.45,42.45,0,0,+0.00
3_left,20260831_201159.jpg,34.33,34.33,0,0,+0.00
3_left,20260831_201245.jpg,54.30,54.30,0,0,+0.00
3_left,20260831_201313.jpg,37.42,37.42,0,0,+0.00
3_left,20260831_201325.jpg,42.40,42.40,0,0,+0.00
3_left,20260831_201420.jpg,53.25,50.25,-1,1,+3.00
3_left,20260831_201440.jpg,50.57,50.57,0,0,+0.00
3_left,20260902_165849.jpg,56.16,56.16,0,0,+0.00
3_left,20260902_165851.jpg,31.22,31.22,0,0,+0.00
3_left,20260902_165932.jpg,37.23,37.23,1,-1,+0.00
3_left,20260902_165942.jpg,29.82,29.82,1,-1,+0.00
3_left,20260902_170359.jpg,59.98,56.98,-1,1,+3.00
3_left,20260902_170405.jpg,16.43,16.43,0,0,+0.00
3_left,20260904_161730.jpg,42.18,42.18,0,0,+0.00
3_left,20260904_161733.jpg,27.73,27.73,0,0,+0.00
3_left,20260904_161813.jpg,35.08,32.08,-1,1,+3.00
3_left,20260904_161814.jpg,47.87,44.87,-1,1,+3.00
3_left,20260904_161820.jpg,17.62,17.62,0,0,+0.00
3_left,20260904_170802.jpg,27.66,27.66,0,0,+0.00
3_left,20260904_170803.jpg,61.59,58.59,-1,1,+3.00
3_left,20260904_170830.jpg,26.40,26.40,0,0,+0.00
3_left,20260904_172133.jpg,43.49,40.49,-1,1,+3.00
3_left,20260904_172204.jpg,15.47,15.47,0,0,+0.00
3_left,20260907_205239.jpg,45.64,42.64,-1,1,+3.00
3_left,20260907_205240.jpg,23.32,20.32,-1,1,+3.00
3_left,20260907_205241.jpg,7.04,7.04,0,0,+0.00
3_left,20260907_205246.jpg,33.11,33.11,0,0,+0.00
3_left,20260907_205442.jpg,43.71,40.71,-1,1,+3.00
3_left,20260907_205457.jpg,39.50,36.50,-1,1,+3.00
3_left,20260907_205509.jpg,25.47,22.47,-1,1,+3.00
3_left,20260907_205647.jpg,26.28,26.28,0,0,+0.00
3_left,20260907_205703.jpg,44.38,44.38,0,0,+0.00
3_left,20260907_205809.jpg,41.50,41.50,0,0,+0.00
3_left,20260907_205821.jpg,46.20,46.20,0,0,+0.00
3_left,20260907_205845.jpg,36.61,36.61,0,0,+0.00
3_left,20260907_210054.jpg,50.72,47.72,-1,1,+3.00
3_left,20260907_210123.jpg,40.77,40.77,0,0,+0.00
3_left,20260907_210144.jpg,29.94,29.94,1,-1,+0.00
3_left,20260907_210151.jpg,58.52,58.52,0,0,+0.00
3_left,20260907_210153.jpg,58.54,55.54,-1,1,+3.00
3_left,20260907_210211.jpg,51.63,51.63,0,0,+0.00
3_left,20260907_210415.jpg,42.05,39.05,-1,1,+3.00
3_left,20260907_210423.jpg,32.92,32.92,0,0,+0.00
3_left,20260907_210546.jpg,40.58,40.58,1,-1,+0.00
3_left,20260907_210554.jpg,31.87,31.87,0,0,+0.00
3_left,20260907_210603.jpg,26.55,23.55,-1,1,+3.00
3_left,20260907_210649.jpg,35.74,29.74,-2,2,+6.00
3_left,20260907_210703.jpg,34.30,34.30,0,0,+0.00
3_left,20260907_210724.jpg,36.15,36.15,0,0,+0.00
3_left,20260907_210733.jpg,46.64,40.64,-2,2,+6.00
3_left,20260907_210906.jpg,34.31,31.31,-1,1,+3.00
3_left,20260907_210917.jpg,34.61,34.61,1,-1,+0.00
3_left,20260907_210957.jpg,34.99,34.99,0,0,+0.00
3_left,20260907_211008.jpg,28.78,22.78,-2,2,+6.00
3_left,20260907_211144.jpg,24.36,24.36,0,0,+0.00
3_left,20260907_211147.jpg,54.20,51.20,-1,1,+3.00
3_left,20260907_211203.jpg,37.37,37.37,1,-1,+0.00
3_left,20260907_211210.jpg,66.87,66.87,0,0,+0.00
3_left,20260907_211211.jpg,58.85,58.85,0,0,+0.00
3_left,20260907_211358.jpg,34.09,34.09,0,0,+0.00
3_left,left (1184).jpg,47.09,47.09,1,-1,+0.00
3_left,left (1625).jpg,54.31,51.31,-1,1,+3.00
3_left,left (1666).jpg,72.23,69.23,-1,1,+3.00
3_left,left (1900).jpg,46.81,46.81,0,0,+0.00
3_left,left (2).jpg,41.34,41.34,1,-1,+0.00
3_left,left (210).jpg,57.02,51.02,-2,2,+6.00
3_left,left (2133).jpg,42.39,42.39,0,0,+0.00
3_left,left (2341).jpg,47.70,47.70,0,0,+0.00
3_left,left (235).jpg,42.01,42.01,0,0,+0.00
3_left,left (2574).jpg,54.44,54.44,0,0,+0.00
3_left,left (2630).jpg,61.76,55.76,-2,2,+6.00
3_left,left (2849).jpg,68.49,65.49,-1,1,+3.00
3_left,left (3072).jpg,53.43,53.43,0,0,+0.00
3_left,left (3290).jpg,57.13,57.13,0,0,+0.00
3_left,left (3306).jpg,61.14,61.14,0,0,+0.00
3_left,left (3355).jpg,58.15,58.15,0,0,+0.00
3_left,left (3588).jpg,57.54,57.54,0,0,+0.00
3_left,left (443).jpg,34.65,28.65,-2,2,+6.00
3_left,left (508).jpg,39.06,33.06,-2,2,+6.00
3_left,left (718).jpg,33.65,33.65,0,0,+0.00
3_left,left (951).jpg,30.90,30.90,0,0,+0.00
4_right,20260708_192203.jpg,-44.08,-41.08,1,1,-3.00
4_right,20260708_203255.jpg,-34.13,-34.13,0,0,+0.00
4_right,20260708_203259.jpg,-42.03,-42.03,0,0,+0.00
4_right,20260709_201946.jpg,-24.38,-24.38,-1,-1,+0.00
4_right,20260709_203000.jpg,-42.78,-42.78,0,0,+0.00
4_right,20260709_203021.jpg,-58.68,-58.68,,,+0.00
4_right,20260709_203844.jpg,-47.22,-47.22,,,+0.00
4_right,20260719_141743.jpg,-25.33,-25.33,0,0,+0.00
4_right,20260719_141815.jpg,-30.02,-30.02,,,+0.00
4_right,20260719_141816.jpg,-25.15,-25.15,-1,-1,+0.00
4_right,20260719_141822.jpg,-43.88,-43.88,-1,-1,+0.00
4_right,20260719_150939.jpg,-32.82,-32.82,0,0,+0.00
4_right,20260722_133700.jpg,-47.70,-47.70,0,0,+0.00
4_right,20260722_133704.jpg,-30.46,-27.46,1,1,-3.00
4_right,20260724_190853.jpg,-40.50,-40.50,0,0,+0.00
4_right,20260724_190909.jpg,-28.41,-28.41,0,0,+0.00
4_right,20260724_190912.jpg,-41.59,-38.59,1,1,-3.00
4_right,20260724_200442.jpg,-41.88,-38.88,1,1,-3.00
4_right,20260724_200446.jpg,-23.42,-23.42,0,0,+0.00
4_right,20260724_200447.jpg,-39.79,-39.79,0,0,+0.00
4_right,20260724_200454.jpg,-30.62,-30.62,0,0,+0.00
4_right,20260724_201403.jpg,-55.89,-49.89,2,2,-6.00
4_right,20260724_201430.jpg,-63.49,-60.49,1,1,-3.00
4_right,20260724_201431.jpg,-35.67,-32.67,1,1,-3.00
4_right,20260724_201455.jpg,-38.96,-38.96,0,0,+0.00
4_right,20260724_201456.jpg,-56.00,-53.00,1,1,-3.00
4_right,20260724_202200.jpg,-51.88,-48.88,1,1,-3.00
4_right,20260724_202202.jpg,-32.94,-32.94,0,0,+0.00
4_right,20260724_202443.jpg,-40.20,-40.20,0,0,+0.00
4_right,20260724_202712.jpg,-40.68,-40.68,0,0,+0.00
4_right,20260727_151135.jpg,-47.39,-47.39,0,0,+0.00
4_right,20260727_151147.jpg,-48.15,-45.15,1,1,-3.00
4_right,20260727_151149.jpg,-39.01,-36.01,1,1,-3.00
4_right,20260730_190450.jpg,-42.17,-39.17,1,1,-3.00
4_right,20260730_190453.jpg,-53.29,-50.29,1,1,-3.00
4_right,20260731_012218.jpg,-57.11,-57.11,0,0,+0.00
4_right,20260731_012312.jpg,-29.41,-29.41,0,0,+0.00
4_right,20260731_012352.jpg,-39.92,-39.92,,,+0.00
4_right,20260731_012416.jpg,-58.04,-58.04,,,+0.00
4_right,20260731_012611.jpg,-63.53,-63.53,-2,-2,+0.00
4_right,20260731_012629.jpg,-46.43,-43.43,1,1,-3.00
4_right,20260731_012908.jpg,-36.43,-36.43,0,0,+0.00
4_right,20260731_013059.jpg,-52.29,-52.29,-1,-1,+0.00
4_right,20260731_013106.jpg,-47.74,-47.74,0,0,+0.00
4_right,20260731_013423.jpg,-41.50,-41.50,-2,-2,+0.00
4_right,20260731_013453.jpg,-56.87,-56.87,-1,-1,+0.00
4_right,20260731_013608.jpg,-60.83,-60.83,0,0,+0.00
4_right,20260731_013837.jpg,-59.89,-59.89,0,0,+0.00
4_right,20260731_013838.jpg,-56.55,-56.55,0,0,+0.00
4_right,20260731_013850.jpg,-55.67,-55.67,0,0,+0.00
4_right,20260731_014023.jpg,-44.31,-44.31,-1,-1,+0.00
4_right,20260731_014024.jpg,-57.59,-57.59,-1,-1,+0.00
4_right,20260731_014423.jpg,-54.97,-51.97,1,1,-3.00
4_right,20260731_014937.jpg,-35.26,-35.26,-2,-2,+0.00
4_right,20260731_015001.jpg,-42.35,-42.35,0,0,+0.00
4_right,20260731_015126.jpg,-59.68,-56.68,1,1,-3.00
4_right,20260731_015207.jpg,-35.92,-35.92,-1,-1,+0.00
4_right,20260731_015235.jpg,-46.04,-46.04,-1,-1,+0.00
4_right,20260731_015310.jpg,-47.17,-47.17,0,0,+0.00
4_right,20260731_015640.jpg,-44.01,-44.01,0,0,+0.00
4_right,20260731_015826.jpg,-55.28,-49.28,2,2,-6.00
4_right,20260731_015834.jpg,-48.30,-45.30,1,1,-3.00
4_right,20260731_020200.jpg,-48.15,-45.15,1,1,-3.00
4_right,20260731_020222.jpg,-46.60,-46.60,-2,-2,+0.00
4_right,20260731_020552.jpg,-49.91,-49.91,,,+0.00
4_right,20260731_020835.jpg,-52.73,-49.73,1,1,-3.00
4_right,20260731_020844.jpg,-44.71,-41.71,1,1,-3.00
4_right,20260731_021438.jpg,-44.03,-44.03,0,0,+0.00
4_right,20260731_022044.jpg,-46.06,-46.06,0,0,+0.00
4_right,20260731_022050.jpg,-52.76,-52.76,0,0,+0.00
4_right,20260731_022543.jpg,-55.65,-52.65,1,1,-3.00
4_right,20260803_202350.jpg,-50.71,-50.71,0,0,+0.00
4_right,20260803_202401.jpg,-49.16,-49.16,0,0,+0.00
4_right,20260803_202404.jpg,-42.45,-42.45,0,0,+0.00
4_right,20260803_202425.jpg,-52.09,-52.09,0,0,+0.00
4_right,20260803_202436.jpg,-45.58,-45.58,0,0,+0.00
4_right,20260803_202438.jpg,-53.43,-53.43,0,0,+0.00
4_right,20260803_203502.jpg,-63.95,-60.95,1,1,-3.00
4_right,20260803_203754.jpg,-58.25,-58.25,-1,-1,+0.00
4_right,20260803_203914.jpg,-74.96,-74.96,,,+0.00
4_right,20260803_203917.jpg,-46.30,-46.30,,,+0.00
4_right,20260803_203942.jpg,-46.77,-46.77,-1,-1,+0.00
4_right,20260803_203945.jpg,-55.13,-55.13,0,0,+0.00
4_right,20260804_182205.jpg,-50.01,-50.01,-1,-1,+0.00
4_right,20260804_182403.jpg,-44.71,-44.71,-1,-1,+0.00
4_right,20260804_182405.jpg,-60.80,-60.80,0,0,+0.00
4_right,20260805_182210.jpg,-64.74,-64.74,0,0,+0.00
4_right,20260805_202144.jpg,-47.55,-47.55,0,0,+0.00
4_right,20260805_202149.jpg,-58.55,-58.55,0,0,+0.00
4_right,20260806_203445.jpg,-54.16,-51.16,1,1,-3.00
4_right,20260808_114925.jpg,-56.25,-56.25,0,0,+0.00
4_right,20260809_172941.jpg,-50.01,-47.01,1,1,-3.00
4_right,20260809_173622.jpg,-50.83,-50.83,-1,-1,+0.00
4_right,20260809_173921.jpg,-57.08,-57.08,-2,-2,+0.00
4_right,20260809_180128.jpg,-38.89,-38.89,0,0,+0.00
4_right,20260809_180436.jpg,-70.00,-70.00,-1,-1,+0.00
4_right,20260809_184426.jpg,-67.85,-67.85,0,0,+0.00
4_right,20260812_203831.jpg,-31.68,-31.68,0,0,+0.00
4_right,20260812_203832.jpg,-41.27,-41.27,0,0,+0.00
4_right,20260812_205130.jpg,-55.80,-55.80,0,0,+0.00
4_right,20260812_205232.jpg,-68.67,-68.67,0,0,+0.00
4_right,20260812_205408.jpg,-65.51,-65.51,0,0,+0.00
4_right,20260821_191004.jpg,-65.88,-65.88,0,0,+0.00
4_right,20260821_191014.jpg,-51.58,-51.58,0,0,+0.00
4_right,20260821_193234.jpg,-44.48,-44.48,-1,-1,+0.00
4_right,20260823_142842.jpg,-44.36,-44.36,-1,-1,+0.00
4_right,20260823_160640.jpg,-40.02,-40.02,-2,-2,+0.00
4_right,20260823_160704.jpg,-43.00,-43.00,-1,-1,+0.00
4_right,20260823_160853.jpg,-43.65,-43.65,0,0,+0.00
4_right,20260824_195730.jpg,-42.47,-42.47,-1,-1,+0.00
4_right,20260824_200051.jpg,-23.69,-23.69,-1,-1,+0.00
4_right,20260824_200250.jpg,-51.92,-48.92,1,1,-3.00
4_right,20260827_201707.jpg,-39.37,-39.37,0,0,+0.00
4_right,20260827_205639.jpg,-51.05,-51.05,-1,-1,+0.00
4_right,20260828_104040.jpg,-11.63,-11.63,0,0,+0.00
4_right,20260828_104042.jpg,-39.46,-39.46,0,0,+0.00
4_right,20260828_104621.jpg,-39.05,-36.05,1,1,-3.00
4_right,20260828_104642.jpg,-24.12,-24.12,-1,-1,+0.00
4_right,20260828_115144.jpg,-36.97,-36.97,0,0,+0.00
4_right,20260831_200234.jpg,-47.61,-44.61,1,1,-3.00
4_right,20260831_200454.jpg,-39.59,-39.59,0,0,+0.00
4_right,20260831_200628.jpg,-16.70,-16.70,0,0,+0.00
4_right,20260831_200820.jpg,-34.70,-34.70,-1,-1,+0.00
4_right,20260831_200935.jpg,-47.11,-47.11,0,0,+0.00
4_right,20260831_201020.jpg,-44.15,-44.15,0,0,+0.00
4_right,20260831_201133.jpg,-40.75,-40.75,0,0,+0.00
4_right,20260831_201149.jpg,-42.78,-42.78,0,0,+0.00
4_right,20260831_201202.jpg,-38.44,-38.44,0,0,+0.00
4_right,20260831_201242.jpg,-49.56,-49.56,0,0,+0.00
4_right,20260831_201316.jpg,-44.22,-41.22,1,1,-3.00
4_right,20260831_201327.jpg,-37.93,-37.93,0,0,+0.00
4_right,20260831_201437.jpg,-27.88,-24.88,1,1,-3.00
4_right,20260902_165935.jpg,-15.70,-12.70,1,1,-3.00
4_right,20260902_170356.jpg,-19.57,-19.57,-1,-1,+0.00
4_right,20260902_173821.jpg,-12.15,-12.15,-1,-1,+0.00
4_right,20260904_161748.jpg,-46.93,-43.93,1,1,-3.00
4_right,20260904_161749.jpg,-30.88,-27.88,1,1,-3.00
4_right,20260904_161751.jpg,-18.49,-18.49,0,0,+0.00
4_right,20260904_161806.jpg,-41.76,-41.76,0,0,+0.00
4_right,20260904_161808.jpg,-26.40,-26.40,0,0,+0.00
4_right,20260904_161809.jpg,-16.92,-16.92,0,0,+0.00
4_right,20260904_161823.jpg,-17.76,-17.76,0,0,+0.00
4_right,20260904_165508.jpg,-14.95,-14.95,0,0,+0.00
4_right,20260904_170758.jpg,-42.55,-42.55,0,0,+0.00
4_right,20260904_170800.jpg,-14.64,-14.64,0,0,+0.00
4_right,20260904_170825.jpg,-35.59,-32.59,1,1,-3.00
4_right,20260904_170827.jpg,-15.51,-12.51,1,1,-3.00
4_right,20260904_170849.jpg,-20.72,-20.72,-1,-1,+0.00
4_right,20260904_170850.jpg,-45.90,-45.90,-1,-1,+0.00
4_right,20260904_172128.jpg,-48.54,-48.54,-1,-1,+0.00
4_right,20260904_172129.jpg,-35.89,-35.89,-1,-1,+0.00
4_right,20260904_172200.jpg,-42.12,-42.12,0,0,+0.00
4_right,20260904_172201.jpg,-18.30,-18.30,0,0,+0.00
4_right,20260907_205243.jpg,-26.09,-26.09,0,0,+0.00
4_right,20260907_205506.jpg,-20.81,-20.81,-1,-1,+0.00
4_right,20260907_205513.jpg,-18.07,-18.07,0,0,+0.00
4_right,20260907_205650.jpg,-24.62,-24.62,-1,-1,+0.00
4_right,20260907_205806.jpg,-22.75,-22.75,0,0,+0.00
4_right,20260907_205819.jpg,-36.75,-36.75,0,0,+0.00
4_right,20260907_205849.jpg,-36.45,-36.45,0,0,+0.00
4_right,20260907_210036.jpg,-42.14,-42.14,0,0,+0.00
4_right,20260907_210104.jpg,-44.63,-41.63,1,1,-3.00
4_right,20260907_210148.jpg,-43.48,-40.48,1,1,-3.00
4_right,20260907_210155.jpg,-35.13,-35.13,0,0,+0.00
4_right,20260907_210228.jpg,-38.59,-38.59,0,0,+0.00
4_right,20260907_210411.jpg,-32.20,-32.20,0,0,+0.00
4_right,20260907_210420.jpg,-51.42,-48.42,1,1,-3.00
4_right,20260907_210428.jpg,-38.49,-32.49,2,2,-6.00
4_right,20260907_210542.jpg,-35.27,-29.27,2,2,-6.00
4_right,20260907_210551.jpg,-25.49,-25.49,0,0,+0.00
4_right,20260907_210600.jpg,-24.54,-24.54,-1,-1,+0.00
4_right,20260907_210653.jpg,-29.16,-29.16,0,0,+0.00
4_right,20260907_210659.jpg,-38.60,-32.60,2,2,-6.00
4_right,20260907_210721.jpg,-42.65,-36.65,2,2,-6.00
4_right,20260907_210737.jpg,-30.88,-30.88,-1,-1,+0.00
4_right,20260907_210909.jpg,-23.20,-23.20,0,0,+0.00
4_right,20260907_210914.jpg,-40.52,-34.52,2,2,-6.00
4_right,20260907_210953.jpg,-30.13,-30.13,0,0,+0.00
4_right,20260907_211011.jpg,-13.34,-13.34,-1,-1,+0.00
4_right,20260907_211119.jpg,-32.47,-32.47,0,0,+0.00
4_right,20260907_211153.jpg,-45.77,-42.77,1,1,-3.00
4_right,20260907_211202.jpg,-27.70,-21.70,2,2,-6.00
4_right,20260907_211208.jpg,-65.78,-62.78,1,1,-3.00
4_right,20260907_211401.jpg,-45.86,-45.86,0,0,+0.00
4_right,right (11).jpg,-14.15,-14.15,-2,-2,+0.00
4_right,right (1194).jpg,-44.29,-44.29,0,0,+0.00
4_right,right (1195).jpg,-35.69,-35.69,0,0,+0.00
4_right,right (1456).jpg,-50.91,-50.91,0,0,+0.00
4_right,right (1753).jpg,-52.50,-52.50,-1,-1,+0.00
4_right,right (2039).jpg,-43.19,-43.19,-1,-1,+0.00
4_right,right (2092).jpg,-54.63,-54.63,0,0,+0.00
4_right,right (2378).jpg,-39.10,-39.10,-2,-2,+0.00
4_right,right (2379).jpg,-39.95,-39.95,-2,-2,+0.00
4_right,right (2936).jpg,-54.92,-54.92,-1,-1,+0.00
4_right,right (3223).jpg,-44.88,-44.88,0,0,+0.00
4_right,right (3301).jpg,-45.45,-45.45,0,0,+0.00
4_right,right (569).jpg,-38.95,-38.95,0,0,+0.00
4_right,right (855).jpg,-44.49,-44.49,0,0,+0.00
