class,filename,angle_deg,x1,y1,x2,y2,view_w,view_h,status
1_approach,20251119_130610.jpg,-2.62,308,244,297,4,615,820,ok
1_approach,20251119_130610_012_saved.jpg,1.84,286,482,296,171,615,820,ok
1_approach,20251119_131145.jpg,0.87,288,339,293,11,615,820,ok
1_approach,20251119_131658_006_saved.jpg,-3.64,397,348,375,2,615,820,ok
1_approach,20251119_132007.jpg,0.13,290,430,291,1,615,820,ok
1_approach,20251119_154454.jpg,-5.95,290,282,260,-6,615,820,ok
1_approach,20251119_154949.jpg,-5.33,386,453,348,46,615,820,ok
1_approach,20251119_155329.jpg,-7.45,265,262,231,2,615,820,ok
1_approach,20251119_160548.jpg,-7.79,279,263,243,0,615,820,ok
1_approach,20251119_163652.jpg,,,,,,615,820,skipped
1_approach,20251119_164334_004_saved.jpg,4.39,308,342,333,16,615,820,ok
1_approach,20251119_164334_017_saved.jpg,-3.13,351,455,332,108,615,820,ok
1_approach,20251119_175218.jpg,4.40,261,327,282,54,615,820,ok
1_approach,20251119_175218_007_saved.jpg,4.54,281,362,306,47,615,820,ok
1_approach,20251119_175635_007_saved.jpg,6.30,283,334,320,-1,615,820,ok
1_approach,20251120_165640_001_saved.jpg,,,,,,615,820,skipped
1_approach,20251120_170830_005_saved.jpg,5.86,289,188,309,-7,615,820,ok
1_approach,20251120_170830_018_saved.jpg,2.57,312,387,328,30,615,820,ok
1_approach,20251120_171001_008_saved.jpg,0.77,334,353,338,54,615,820,ok
1_approach,20260708_192159.jpg,-11.43,360,490,285,119,615,820,ok
1_approach,20260708_192208.jpg,25.30,330,446,486,116,615,820,ok
1_approach,20260709_203840.jpg,-8.67,340,502,299,233,615,820,ok
1_approach,20260719_141247.jpg,-2.04,296,438,287,185,615,820,ok
1_approach,20260719_141613.jpg,-35.97,229,376,102,201,615,820,ok
1_approach,20260719_141616.jpg,48.27,322,301,553,95,615,820,ok
1_approach,20260719_141724.jpg,28.93,391,385,564,72,615,820,ok
1_approach,20260719_141731.jpg,-46.24,307,409,48,161,615,820,ok
1_approach,20260721_081349.jpg,-1.05,324,514,319,240,615,820,ok
1_approach,20260721_081351.jpg,-14.53,220,492,128,137,615,820,ok
1_approach,20260724_190847.jpg,-54.32,316,515,18,301,615,820,ok
1_approach,20260724_200439.jpg,-40.93,442,487,96,88,615,820,ok
1_approach,20260724_201358.jpg,45.72,423,530,704,256,615,820,ok
1_approach,20260724_202646.jpg,-52.43,299,414,0,184,615,820,ok
1_approach,20260731_013026.jpg,3.74,279,509,292,310,615,820,ok
1_approach,20260731_013137.jpg,-2.06,332,502,324,280,615,820,ok
1_approach,20260731_013420.jpg,42.17,375,629,596,385,615,820,ok
1_approach,20260731_013449.jpg,-52.00,388,606,77,363,615,820,ok
1_approach,20260731_014434.jpg,51.34,309,571,589,347,615,820,ok
1_approach,20260731_015007.jpg,-14.31,332,589,281,389,615,820,ok
1_approach,20260731_015157.jpg,48.64,290,533,566,290,615,820,ok
1_approach,20260731_015858.jpg,-5.25,360,510,336,249,615,820,ok
1_approach,20260731_020007.jpg,-55.01,295,494,5,291,615,820,ok
1_approach,20260731_020029.jpg,52.51,275,563,567,339,615,820,ok
1_approach,20260731_022105.jpg,-68.34,260,454,56,373,615,820,ok
1_approach,20260803_202423.jpg,-55.51,384,489,74,276,615,820,ok
1_approach,20260803_203549.jpg,-51.84,357,598,105,400,615,820,ok
1_approach,20260803_203745.jpg,-53.25,287,630,66,465,615,820,ok
1_approach,20260803_203752.jpg,-50.42,263,567,61,400,615,820,ok
1_approach,20260803_203912.jpg,-56.03,320,590,41,402,615,820,ok
1_approach,20260812_205302.jpg,-56.54,248,527,-35,340,615,820,ok
1_approach,20260812_205406.jpg,-57.86,325,576,91,429,615,820,ok
1_approach,20260812_205543.jpg,-65.57,315,605,-24,451,615,820,ok
1_approach,20260821_193222.jpg,-51.84,249,411,-17,202,615,820,ok
1_approach,left (1).jpg,31.34,198,409,430,28,615,820,ok
1_approach,left (1457).jpg,24.15,352,496,543,70,615,820,ok
1_approach,left (1690).jpg,39.73,266,563,630,125,615,820,ok
1_approach,left (2639).jpg,36.47,151,438,443,43,615,820,ok
1_approach,right (1482).jpg,-45.10,270,467,-14,184,615,820,ok
1_approach,right (2665).jpg,,,,,,615,820,skipped
2_front,20251119_130610_033_saved.jpg,2.73,305,663,329,160,615,820,ok
2_front,20251119_130610_073_saved.jpg,1.65,292,507,305,55,615,820,ok
2_front,20251119_131146_092_saved.jpg,0.16,302,421,303,53,615,820,ok
2_front,20251119_131206_025_saved.jpg,6.24,378,524,434,12,615,820,ok
2_front,20251119_131658_023_saved.jpg,0.13,321,562,322,107,615,820,ok
2_front,20251119_131658_099_saved.jpg,2.37,322,525,337,163,615,820,ok
2_front,20251119_131658_100_saved.jpg,2.91,327,472,344,137,615,820,ok
2_front,20251119_132013_049_saved.jpg,-5.46,300,550,263,163,615,820,ok
2_front,20251119_132013_100_saved.jpg,3.72,308,614,330,276,615,820,ok
2_front,20251119_153628.jpg,2.52,304,546,322,137,615,820,ok
2_front,20251119_154454_012_saved.jpg,4.78,303,445,336,50,615,820,ok
2_front,20251119_154454_100_saved.jpg,1.16,314,511,323,68,615,820,ok
2_front,20251119_155329_100_saved.jpg,-2.51,244,498,225,64,615,820,ok
2_front,20251119_160548_025_saved.jpg,-3.66,354,546,322,46,615,820,ok
2_front,20251119_160555_055_saved.jpg,-0.15,364,529,363,158,615,820,ok
2_front,20251119_161645.jpg,-3.46,321,417,297,20,615,820,ok
2_front,20251119_161646_016_saved.jpg,-3.03,371,431,349,16,615,820,ok
2_front,20251119_161652_018_saved.jpg,1.03,278,534,285,143,615,820,ok
2_front,20251119_161652_081_saved.jpg,-3.91,361,598,336,232,615,820,ok
2_front,20251119_161750_002_saved.jpg,-1.30,294,497,285,101,615,820,ok
2_front,20251119_161750_090_saved.jpg,-0.14,222,569,221,166,615,820,ok
2_front,20251119_162002.jpg,-3.18,329,541,307,145,615,820,ok
2_front,20251119_162003_096_saved.jpg,-0.92,285,483,279,111,615,820,ok
2_front,20251119_162009_097_saved.jpg,-3.25,293,464,274,129,615,820,ok
2_front,20251119_162308_009_saved.jpg,-8.62,326,493,284,216,615,820,ok
2_front,20251119_162317_030_saved.jpg,0.17,320,514,321,179,615,820,ok
2_front,20251119_163010_026_saved.jpg,-9.73,277,601,235,356,615,820,ok
2_front,20251119_163013_023_saved.jpg,9.84,273,536,341,144,615,820,ok
2_front,20251119_163013_068_saved.jpg,1.17,340,492,345,247,615,820,ok
2_front,20251119_163243_040_saved.jpg,-0.17,311,503,310,174,615,820,ok
2_front,20251119_163243_078_saved.jpg,-1.20,347,603,340,268,615,820,ok
2_front,20251119_163653_011_saved.jpg,-3.39,373,655,343,149,615,820,ok
2_front,20251119_163653_047_saved.jpg,-2.60,269,579,250,161,615,820,ok
2_front,20251119_163716_004_saved.jpg,4.18,333,502,358,160,615,820,ok
2_front,20251119_163716_015_saved.jpg,-4.18,461,563,435,207,615,820,ok
2_front,20251119_163716_065_saved.jpg,-1.43,364,604,356,283,615,820,ok
2_front,20251119_163913_009_saved.jpg,2.60,347,438,364,63,615,820,ok
2_front,20251119_163913_041_saved.jpg,2.31,331,580,348,158,615,820,ok
2_front,20251119_163913_069_saved.jpg,-6.49,378,552,335,174,615,820,ok
2_front,20251119_163913_081_saved.jpg,1.40,347,518,356,149,615,820,ok
2_front,20251119_164334_029_saved.jpg,0.17,287,529,288,185,615,820,ok
2_front,20251119_164340_063_saved.jpg,-6.06,295,445,261,125,615,820,ok
2_front,20251119_164354_018_saved.jpg,-3.74,268,489,243,107,615,820,ok
2_front,20251119_164354_070_saved.jpg,-8.95,292,561,243,250,615,820,ok
2_front,20251119_164425_025_saved.jpg,-2.92,309,511,286,60,615,820,ok
2_front,20251119_164425_098_saved.jpg,-1.28,341,427,332,24,615,820,ok
2_front,20251119_164432_100_saved.jpg,0.71,314,438,318,113,615,820,ok
2_front,20251119_175218_020_saved.jpg,0.22,325,544,327,15,615,820,ok
2_front,20251119_175218_096_saved.jpg,8.51,278,463,335,82,615,820,ok
2_front,20251119_175635_016_saved.jpg,-5.74,354,370,316,-8,615,820,ok
2_front,20251119_175635_091_saved.jpg,-1.50,318,232,311,-36,615,820,ok
2_front,20251119_175647_046_saved.jpg,4.92,200,525,229,188,615,820,ok
2_front,20251119_175647_072_saved.jpg,0.62,235,571,238,292,615,820,ok
2_front,20251119_180913.jpg,-3.54,428,505,401,68,615,820,ok
2_front,20251119_180913_005_saved.jpg,-2.39,358,404,342,20,615,820,ok
2_front,20251119_180913_078_saved.jpg,-1.94,316,428,300,-44,615,820,ok
2_front,20251119_180921_003_saved.jpg,0.10,342,507,343,-39,615,820,ok
2_front,20251119_180921_056_saved.jpg,-1.86,271,535,256,73,615,820,ok
2_front,20251119_181245.jpg,7.80,274,358,318,37,615,820,ok
2_front,20251119_181245_081_saved.jpg,-2.14,292,526,281,232,615,820,ok
2_front,20251120_163823_084_saved.jpg,0.00,408,514,408,230,615,820,ok
2_front,20251120_164854_014_saved.jpg,0.31,299,483,301,115,615,820,ok
2_front,20251120_164854_022_saved.jpg,-5.76,356,587,312,151,615,820,ok
2_front,20251120_164854_100_saved.jpg,-4.50,344,442,327,226,615,820,ok
2_front,20251120_165640_012_saved.jpg,5.15,298,553,327,231,615,820,ok
2_front,20251120_165640_025_saved.jpg,-1.09,314,526,308,210,615,820,ok
2_front,20251120_165646_067_saved.jpg,-0.33,325,477,323,126,615,820,ok
2_front,20251120_165646_093_saved.jpg,5.29,305,542,339,175,615,820,ok
2_front,20251120_170830_031_saved.jpg,-1.20,329,496,322,161,615,820,ok
2_front,20251120_170830_044_saved.jpg,4.74,315,539,336,286,615,820,ok
2_front,20251120_170830_096_saved.jpg,6.76,226,542,249,348,615,820,ok
2_front,20251120_171001_034_saved.jpg,-1.73,308,519,298,187,615,820,ok
2_front,20251120_171001_060_saved.jpg,-0.21,403,579,402,311,615,820,ok
2_front,20251120_171001_086_saved.jpg,0.23,420,453,421,201,615,820,ok
2_front,20251120_171001_099_saved.jpg,-0.81,403,632,398,280,615,820,ok
2_front,20251120_171353_096_saved.jpg,-0.53,366,503,362,67,615,820,ok
2_front,20260708_203302.jpg,2.46,244,685,260,312,615,820,ok
2_front,20260708_203323.jpg,1.14,301,614,307,312,615,820,ok
2_front,20260709_202951.jpg,-0.44,321,478,319,220,615,820,ok
2_front,20260709_203009.jpg,0.00,359,670,359,391,615,820,ok
2_front,20260709_203013.jpg,0.99,349,491,354,203,615,820,ok
2_front,20260719_141356.jpg,2.58,306,704,321,371,615,820,ok
2_front,20260724_201400.jpg,0.54,355,697,358,377,615,820,ok
2_front,20260724_201438.jpg,-2.45,343,568,332,311,615,820,ok
2_front,20260724_201439.jpg,0.77,331,632,335,336,615,820,ok
2_front,20260724_202716.jpg,-2.73,351,588,328,106,615,820,ok
2_front,20260731_012226.jpg,3.13,284,683,298,427,615,820,ok
2_front,20260731_012424.jpg,-0.17,393,657,392,314,615,820,ok
2_front,20260731_012622.jpg,-0.74,410,533,406,225,615,820,ok
2_front,20260731_012910.jpg,2.44,282,627,292,392,615,820,ok
2_front,20260731_013101.jpg,-2.07,259,637,249,360,615,820,ok
2_front,20260731_013418.jpg,3.42,329,628,345,360,615,820,ok
2_front,20260731_013602.jpg,-5.63,326,647,304,424,615,820,ok
2_front,20260731_013614.jpg,2.46,306,523,316,290,615,820,ok
2_front,20260731_013841.jpg,5.91,317,627,340,405,615,820,ok
2_front,20260731_013847.jpg,-2.56,332,601,321,355,615,820,ok
2_front,20260731_014020.jpg,4.21,331,615,345,425,615,820,ok
2_front,20260731_014028.jpg,0.82,343,600,347,322,615,820,ok
2_front,20260731_014407.jpg,6.89,280,615,298,466,615,820,ok
2_front,20260731_014413.jpg,4.48,311,608,327,404,615,820,ok
2_front,20260731_014416.jpg,0.00,321,608,321,450,615,820,ok
2_front,20260731_014838.jpg,-0.73,331,609,329,451,615,820,ok
2_front,20260731_015012.jpg,11.47,250,648,278,510,615,820,ok
2_front,20260731_015119.jpg,0.00,320,673,320,422,615,820,ok
2_front,20260731_015142.jpg,-3.24,333,608,324,449,615,820,ok
2_front,20260731_015305.jpg,0.99,301,669,304,496,615,820,ok
2_front,20260731_015317.jpg,6.51,387,688,412,469,615,820,ok
2_front,20260731_015618.jpg,2.70,278,664,287,473,615,820,ok
2_front,20260731_015621.jpg,-2.37,292,696,286,551,615,820,ok
2_front,20260731_015646.jpg,5.09,287,615,304,424,615,820,ok
2_front,20260731_015823.jpg,-0.37,272,459,271,306,615,820,ok
2_front,20260731_015828.jpg,-5.23,270,489,246,227,615,820,ok
2_front,20260731_015837.jpg,-0.29,309,526,308,326,615,820,ok
2_front,20260731_020000.jpg,-4.17,302,553,292,416,615,820,ok
2_front,20260731_020015.jpg,-3.62,352,485,336,232,615,820,ok
2_front,20260731_020157.jpg,1.03,362,589,364,478,615,820,ok
2_front,20260731_020810.jpg,-4.83,347,658,328,433,615,820,ok
2_front,20260731_020833.jpg,-6.55,366,670,335,400,615,820,ok
2_front,20260731_020841.jpg,-5.39,316,638,294,405,615,820,ok
2_front,20260731_021430.jpg,-1.07,309,600,305,386,615,820,ok
2_front,20260731_022025.jpg,7.58,248,633,277,415,615,820,ok
2_front,20260731_022041.jpg,-3.67,392,553,380,366,615,820,ok
2_front,20260731_022107.jpg,-12.19,363,649,317,436,615,820,ok
2_front,20260731_022539.jpg,5.95,322,563,342,371,615,820,ok
2_front,20260731_023328.jpg,-0.37,353,639,352,486,615,820,ok
2_front,20260731_023444.jpg,-0.89,345,576,342,383,615,820,ok
2_front,20260804_182203.jpg,-7.37,364,581,331,326,615,820,ok
2_front,20260804_182408.jpg,-2.79,366,619,357,434,615,820,ok
2_front,20260808_000203.jpg,-6.11,277,692,254,477,615,820,ok
2_front,20260808_000211.jpg,0.00,330,633,330,430,615,820,ok
2_front,20260809_172925.jpg,1.97,328,684,336,452,615,820,ok
2_front,20260809_172935.jpg,3.47,253,672,267,441,615,820,ok
2_front,20260809_173923.jpg,-1.01,299,679,295,453,615,820,ok
2_front,20260810_202356.jpg,2.24,329,663,336,484,615,820,ok
2_front,20260812_203837.jpg,-3.96,417,591,397,302,615,820,ok
2_front,20260812_205409.jpg,-1.68,270,716,264,511,615,820,ok
2_front,20260812_205545.jpg,-8.95,287,707,247,453,615,820,ok
2_front,20260819_122945.jpg,1.05,255,604,259,385,615,820,ok
2_front,20260821_190959.jpg,-5.27,407,651,383,391,615,820,ok
2_front,20260821_193228.jpg,-0.55,295,571,293,362,615,820,ok
3_left,20260708_203305.jpg,32.19,357,717,537,431,615,820,ok
3_left,20260708_203311.jpg,39.98,290,684,477,461,615,820,ok
3_left,20260708_203334.jpg,47.77,144,609,426,353,615,820,ok
3_left,20260708_203344.jpg,35.93,253,668,519,301,615,820,ok
3_left,20260709_201944.jpg,33.13,267,609,500,252,615,820,ok
3_left,20260709_202953.jpg,42.34,270,533,506,274,615,820,ok
3_left,20260709_203041.jpg,34.87,390,564,636,211,615,820,ok
3_left,20260719_141740.jpg,34.05,230,600,403,344,615,820,ok
3_left,20260722_133658.jpg,48.65,293,532,510,341,615,820,ok
3_left,20260722_133707.jpg,49.31,197,558,404,380,615,820,ok
3_left,20260722_133710.jpg,52.50,238,612,470,434,615,820,ok
3_left,20260722_133728.jpg,51.15,64,524,316,321,615,820,ok
3_left,20260722_133731.jpg,51.93,136,514,422,290,615,820,ok
3_left,20260724_180436.jpg,59.61,201,601,484,435,615,820,ok
3_left,20260724_190451.jpg,50.28,206,596,478,370,615,820,ok
3_left,20260724_201327.jpg,62.25,204,509,453,378,615,820,ok
3_left,20260724_201426.jpg,53.86,171,491,412,315,615,820,ok
3_left,20260724_201427.jpg,59.66,161,481,460,306,615,820,ok
3_left,20260724_202157.jpg,50.75,128,473,374,272,615,820,ok
3_left,20260724_202159.jpg,53.16,155,436,426,233,615,820,ok
3_left,20260724_202446.jpg,47.46,190,520,433,297,615,820,ok
3_left,20260724_202718.jpg,56.47,164,505,490,289,615,820,ok
3_left,20260727_151140.jpg,51.96,176,538,484,297,615,820,ok
3_left,20260727_151144.jpg,39.25,181,538,400,270,615,820,ok
3_left,20260727_151146.jpg,40.76,231,516,487,219,615,820,ok
3_left,20260730_190446.jpg,33.81,242,488,394,261,615,820,ok
3_left,20260730_190448.jpg,37.21,269,480,433,264,615,820,ok
3_left,20260731_012051.jpg,59.28,218,460,457,318,615,820,ok
3_left,20260731_012230.jpg,50.74,241,500,493,294,615,820,ok
3_left,20260731_012403.jpg,74.02,139,519,380,450,615,820,ok
3_left,20260731_012428.jpg,55.45,156,553,400,385,615,820,ok
3_left,20260731_012620.jpg,68.45,151,566,422,459,615,820,ok
3_left,20260731_012633.jpg,60.43,174,537,486,360,615,820,ok
3_left,20260731_012912.jpg,53.94,219,547,425,397,615,820,ok
3_left,20260731_013103.jpg,60.69,283,552,527,415,615,820,ok
3_left,20260731_013835.jpg,65.27,232,508,499,385,615,820,ok
3_left,20260731_013848.jpg,65.87,200,508,421,409,615,820,ok
3_left,20260731_014014.jpg,80.54,232,501,460,463,615,820,ok
3_left,20260731_014842.jpg,66.43,176,577,474,447,615,820,ok
3_left,20260731_014851.jpg,72.58,220,597,510,506,615,820,ok
3_left,20260731_014958.jpg,62.37,280,623,536,489,615,820,ok
3_left,20260731_015123.jpg,56.89,205,510,435,360,615,820,ok
3_left,20260731_015244.jpg,73.36,203,526,474,445,615,820,ok
3_left,20260731_015308.jpg,66.09,233,521,524,392,615,820,ok
3_left,20260731_015603.jpg,69.61,209,520,478,420,615,820,ok
3_left,20260731_015643.jpg,77.67,214,560,516,494,615,820,ok
3_left,20260731_015831.jpg,54.89,195,520,461,333,615,820,ok
3_left,20260731_020033.jpg,64.35,218,505,495,372,615,820,ok
3_left,20260731_020211.jpg,64.22,252,511,457,412,615,820,ok
3_left,20260731_020847.jpg,70.35,203,499,497,394,615,820,ok
3_left,20260731_021434.jpg,73.48,219,460,519,371,615,820,ok
3_left,20260731_022047.jpg,66.11,255,430,535,306,615,820,ok
3_left,20260731_022112.jpg,77.82,222,489,500,429,615,820,ok
3_left,20260731_022547.jpg,67.04,183,592,504,456,615,820,ok
3_left,20260804_182410.jpg,62.67,145,531,472,362,615,820,ok
3_left,20260805_202408.jpg,63.73,199,561,434,445,615,820,ok
3_left,20260805_202411.jpg,62.94,230,578,459,461,615,820,ok
3_left,20260805_202442.jpg,64.11,235,568,544,418,615,820,ok
3_left,20260805_202450.jpg,45.74,198,543,394,352,615,820,ok
3_left,20260806_203443.jpg,67.49,194,551,515,418,615,820,ok
3_left,20260806_203447.jpg,67.22,204,502,566,350,615,820,ok
3_left,20260809_172943.jpg,63.95,237,473,550,320,615,820,ok
3_left,20260809_173618.jpg,66.04,279,470,549,350,615,820,ok
3_left,20260809_173925.jpg,78.45,117,584,396,527,615,820,ok
3_left,20260812_203835.jpg,56.52,146,548,456,343,615,820,ok
3_left,20260812_205304.jpg,75.24,191,493,506,410,615,820,ok
3_left,20260812_205410.jpg,74.79,188,512,519,422,615,820,ok
3_left,left (1184).jpg,47.19,158,572,457,295,615,820,ok
3_left,left (1393).jpg,66.52,211,513,485,394,615,820,ok
3_left,left (1625).jpg,58.35,194,540,486,360,615,820,ok
3_left,left (1666).jpg,76.22,219,544,533,467,615,820,ok
3_left,left (1900).jpg,50.12,233,498,476,295,615,820,ok
3_left,left (2).jpg,44.04,184,477,390,264,615,820,ok
3_left,left (210).jpg,73.00,223,449,524,357,615,820,ok
3_left,left (2133).jpg,44.02,187,452,418,213,615,820,ok
3_left,left (2341).jpg,56.36,202,441,465,266,615,820,ok
3_left,left (235).jpg,46.02,208,422,437,201,615,820,ok
3_left,left (2574).jpg,60.88,287,404,497,287,615,820,ok
3_left,left (2630).jpg,75.20,238,416,518,342,615,820,ok
3_left,left (2849).jpg,69.61,185,478,567,336,615,820,ok
3_left,left (3072).jpg,70.10,61,469,398,347,615,820,ok
3_left,left (3290).jpg,68.02,163,459,490,327,615,820,ok
3_left,left (3306).jpg,68.80,163,412,524,272,615,820,ok
3_left,left (3355).jpg,70.63,155,373,465,264,615,820,ok
3_left,left (3588).jpg,65.85,192,347,511,204,615,820,ok
3_left,left (443).jpg,44.41,316,578,556,333,615,820,ok
3_left,left (508).jpg,49.52,355,566,594,362,615,820,ok
3_left,left (718).jpg,39.49,186,508,425,218,615,820,ok
3_left,left (951).jpg,27.62,259,511,394,253,615,820,ok
4_right,20260708_192203.jpg,-35.73,245,484,63,231,615,820,ok
4_right,20260708_203255.jpg,-41.53,348,558,170,357,615,820,ok
4_right,20260708_203259.jpg,-49.47,251,570,58,405,615,820,ok
4_right,20260709_201946.jpg,-26.93,247,613,86,296,615,820,ok
4_right,20260709_203000.jpg,-36.69,370,623,177,364,615,820,ok
4_right,20260709_203021.jpg,-56.79,431,492,208,346,615,820,ok
4_right,20260709_203844.jpg,-59.88,523,417,242,254,615,820,ok
4_right,20260719_141743.jpg,-30.77,452,384,299,127,615,820,ok
4_right,20260719_141815.jpg,-33.12,260,484,93,228,615,820,ok
4_right,20260719_141816.jpg,-15.87,223,560,140,268,615,820,ok
4_right,20260719_141822.jpg,-33.02,291,520,137,283,615,820,ok
4_right,20260719_150939.jpg,-39.99,363,495,129,216,615,820,ok
4_right,20260722_133700.jpg,-55.55,304,442,81,289,615,820,ok
4_right,20260722_133704.jpg,-28.17,298,549,162,295,615,820,ok
4_right,20260724_190853.jpg,-40.26,247,558,92,375,615,820,ok
4_right,20260724_190909.jpg,-47.42,365,497,131,282,615,820,ok
4_right,20260724_190912.jpg,-47.67,347,491,78,246,615,820,ok
4_right,20260724_200442.jpg,-42.24,320,520,103,281,615,820,ok
4_right,20260724_200446.jpg,-29.99,338,540,162,235,615,820,ok
4_right,20260724_200447.jpg,-37.64,312,547,103,276,615,820,ok
4_right,20260724_200454.jpg,-37.92,312,523,164,333,615,820,ok
4_right,20260724_201403.jpg,-45.49,383,556,146,323,615,820,ok
4_right,20260724_201430.jpg,-56.09,323,567,24,366,615,820,ok
4_right,20260724_201431.jpg,-50.57,343,528,84,315,615,820,ok
4_right,20260724_201455.jpg,-41.28,317,577,123,356,615,820,ok
4_right,20260724_201456.jpg,-51.62,309,547,59,349,615,820,ok
4_right,20260724_202200.jpg,-58.21,345,514,61,338,615,820,ok
4_right,20260724_202202.jpg,-39.22,315,521,124,287,615,820,ok
4_right,20260724_202443.jpg,-34.87,262,522,85,268,615,820,ok
4_right,20260724_202712.jpg,-40.35,261,441,86,235,615,820,ok
4_right,20260727_151135.jpg,-53.55,299,462,12,250,615,820,ok
4_right,20260727_151147.jpg,-49.49,322,411,75,200,615,820,ok
4_right,20260727_151149.jpg,-41.73,282,453,92,240,615,820,ok
4_right,20260730_190450.jpg,-38.34,237,470,82,274,615,820,ok
4_right,20260730_190453.jpg,-55.45,258,444,30,287,615,820,ok
4_right,20260731_012218.jpg,-59.31,302,423,51,274,615,820,ok
4_right,20260731_012312.jpg,-38.25,282,375,133,186,615,820,ok
4_right,20260731_012352.jpg,-38.04,242,468,91,275,615,820,ok
4_right,20260731_012416.jpg,-64.29,273,433,84,342,615,820,ok
4_right,20260731_012611.jpg,-75.28,246,444,48,392,615,820,ok
4_right,20260731_012629.jpg,-46.12,219,538,63,388,615,820,ok
4_right,20260731_012908.jpg,-35.99,272,587,126,386,615,820,ok
4_right,20260731_013059.jpg,-57.28,258,583,23,432,615,820,ok
4_right,20260731_013106.jpg,-56.31,274,548,40,392,615,820,ok
4_right,20260731_013423.jpg,-44.68,296,527,120,349,615,820,ok
4_right,20260731_013453.jpg,-59.62,277,620,74,501,615,820,ok
4_right,20260731_013608.jpg,-68.13,306,609,27,497,615,820,ok
4_right,20260731_013837.jpg,-71.44,367,545,81,449,615,820,ok
4_right,20260731_013838.jpg,-66.21,345,541,100,433,615,820,ok
4_right,20260731_013850.jpg,-52.42,275,569,71,412,615,820,ok
4_right,20260731_014023.jpg,-38.91,179,578,66,438,615,820,ok
4_right,20260731_014024.jpg,-56.57,215,580,9,444,615,820,ok
4_right,20260731_014423.jpg,-58.57,276,538,78,417,615,820,ok
4_right,20260731_014937.jpg,-33.44,249,569,142,407,615,820,ok
4_right,20260731_015001.jpg,-55.15,273,571,82,438,615,820,ok
4_right,20260731_015126.jpg,-59.83,202,561,30,461,615,820,ok
4_right,20260731_015207.jpg,-30.22,266,589,160,407,615,820,ok
4_right,20260731_015235.jpg,-49.66,226,578,60,437,615,820,ok
4_right,20260731_015310.jpg,-48.79,215,581,70,454,615,820,ok
4_right,20260731_015640.jpg,-48.17,293,608,93,429,615,820,ok
4_right,20260731_015826.jpg,-49.92,257,640,36,454,615,820,ok
4_right,20260731_015834.jpg,-64.44,300,598,-22,444,615,820,ok
4_right,20260731_020200.jpg,-67.28,237,604,3,506,615,820,ok
4_right,20260731_020222.jpg,-64.74,339,578,108,469,615,820,ok
4_right,20260731_020552.jpg,-77.16,245,557,30,508,615,820,ok
4_right,20260731_020835.jpg,-54.55,276,628,85,492,615,820,ok
4_right,20260731_020844.jpg,-41.33,256,620,103,446,615,820,ok
4_right,20260731_021438.jpg,-39.55,246,660,80,459,615,820,ok
4_right,20260731_022044.jpg,-38.04,268,679,117,486,615,820,ok
4_right,20260731_022050.jpg,-51.02,315,638,121,481,615,820,ok
4_right,20260731_022543.jpg,-56.99,311,651,97,512,615,820,ok
4_right,20260803_202350.jpg,-61.57,308,644,90,526,615,820,ok
4_right,20260803_202401.jpg,-45.17,306,670,141,506,615,820,ok
4_right,20260803_202404.jpg,-51.06,317,674,140,531,615,820,ok
4_right,20260803_202425.jpg,-58.84,334,673,81,520,615,820,ok
4_right,20260803_202436.jpg,-61.27,328,650,89,519,615,820,ok
4_right,20260803_202438.jpg,-52.06,348,684,153,532,615,820,ok
4_right,20260803_203502.jpg,-61.47,372,685,120,548,615,820,ok
4_right,20260803_203754.jpg,-67.12,366,671,84,552,615,820,ok
4_right,20260803_203914.jpg,-68.41,358,642,75,530,615,820,ok
4_right,20260803_203917.jpg,-51.17,272,644,67,479,615,820,ok
4_right,20260803_203942.jpg,-53.46,291,648,94,502,615,820,ok
4_right,20260803_203945.jpg,-57.28,280,644,31,484,615,820,ok
4_right,20260804_182205.jpg,-56.92,233,595,35,466,615,820,ok
4_right,20260804_182403.jpg,-44.58,263,619,59,412,615,820,ok
4_right,20260804_182405.jpg,-57.69,243,604,39,475,615,820,ok
4_right,20260805_182210.jpg,-72.04,284,574,28,491,615,820,ok
4_right,20260805_202144.jpg,-54.28,237,591,59,463,615,820,ok
4_right,20260805_202149.jpg,-53.37,193,621,37,505,615,820,ok
4_right,20260806_203445.jpg,-38.66,221,645,73,460,615,820,ok
4_right,20260808_114925.jpg,-62.73,264,633,39,517,615,820,ok
4_right,20260809_172941.jpg,-40.14,250,640,110,474,615,820,ok
4_right,20260809_173622.jpg,-39.22,194,697,43,512,615,820,ok
4_right,20260809_173921.jpg,-45.85,216,682,45,516,615,820,ok
4_right,20260809_180128.jpg,-47.02,362,625,171,447,615,820,ok
4_right,20260809_180436.jpg,-73.05,369,591,113,513,615,820,ok
4_right,20260809_184426.jpg,-59.59,369,616,156,491,615,820,ok
4_right,20260812_203831.jpg,-41.97,322,638,152,449,615,820,ok
4_right,20260812_203832.jpg,-42.67,324,655,135,450,615,820,ok
4_right,20260812_205130.jpg,-65.34,383,579,126,461,615,820,ok
4_right,20260812_205232.jpg,-65.06,334,632,119,532,615,820,ok
4_right,20260812_205408.jpg,-66.61,376,634,124,525,615,820,ok
4_right,20260821_190952.jpg,-64.43,253,437,44,337,615,820,ok
4_right,20260821_191004.jpg,-64.51,302,537,65,424,615,820,ok
4_right,20260821_191014.jpg,-62.02,324,546,100,427,615,820,ok
4_right,20260821_193234.jpg,-51.08,365,606,147,430,615,820,ok
4_right,right (11).jpg,-11.19,300,612,225,233,615,820,ok
4_right,right (1194).jpg,-31.24,191,437,80,254,615,820,ok
4_right,right (1195).jpg,-43.12,293,491,116,302,615,820,ok
4_right,right (1456).jpg,-60.20,288,473,82,355,615,820,ok
4_right,right (1753).jpg,-51.80,240,477,43,322,615,820,ok
4_right,right (2039).jpg,-41.87,384,486,220,303,615,820,ok
4_right,right (2092).jpg,-69.62,372,444,84,337,615,820,ok
4_right,right (2378).jpg,-42.52,331,428,165,247,615,820,ok
4_right,right (2379).jpg,-46.17,368,472,193,304,615,820,ok
4_right,right (2936).jpg,-63.27,387,476,103,333,615,820,ok
4_right,right (3223).jpg,-49.54,281,410,118,271,615,820,ok
4_right,right (3301).jpg,-49.14,295,479,95,306,615,820,ok
4_right,right (569).jpg,-40.02,309,471,136,265,615,820,ok
4_right,right (855).jpg,-44.83,327,527,157,356,615,820,ok
1_approach,20260823_142748.jpg,-51.34,428,462,213,290,615,820,ok
1_approach,20260823_142756.jpg,-0.15,389,691,388,317,615,820,ok
1_approach,20260823_143119.jpg,2.25,307,486,317,232,615,820,ok
1_approach,20260823_143123.jpg,46.53,265,484,477,283,615,820,ok
1_approach,20260823_143152.jpg,52.82,139,504,371,328,615,820,ok
1_approach,20260823_143257.jpg,42.40,357,455,504,294,615,820,ok
1_approach,20260823_143300.jpg,-4.36,383,552,360,250,615,820,ok
1_approach,20260823_143304.jpg,-46.94,343,486,129,286,615,820,ok
1_approach,20260823_160517.jpg,-61.20,382,442,100,287,615,820,ok
1_approach,20260823_160522.jpg,-0.72,344,520,339,121,615,820,ok
1_approach,20260823_160802.jpg,36.97,313,536,520,261,615,820,ok
1_approach,20260823_160850.jpg,-31.09,328,460,205,256,615,820,ok
1_approach,20260823_160946.jpg,-13.64,361,547,287,242,615,820,ok
1_approach,20260823_161518.jpg,32.55,302,479,459,233,615,820,ok
1_approach,20260823_161526.jpg,0.52,350,582,353,249,615,820,ok
1_approach,20260823_161533.jpg,-49.18,399,528,157,319,615,820,ok
1_approach,20260823_161553.jpg,-41.17,405,495,175,232,615,820,ok
1_approach,20260823_161654.jpg,17.83,458,608,568,266,615,820,ok
1_approach,20260823_161825.jpg,51.63,300,542,545,348,615,820,ok
1_approach,20260823_162335.jpg,-54.09,302,364,23,162,615,820,ok
1_approach,20260823_162338.jpg,-15.32,360,556,254,169,615,820,ok
1_approach,20260823_162341.jpg,40.16,234,602,504,282,615,820,ok
1_approach,20260823_162421.jpg,36.29,330,639,504,402,615,820,ok
1_approach,20260823_162424.jpg,-4.60,262,677,232,304,615,820,ok
1_approach,20260824_184811.jpg,35.61,219,590,484,220,615,820,ok
1_approach,20260824_184849.jpg,-0.47,445,539,442,170,615,820,ok
1_approach,20260824_195646.jpg,-18.85,327,574,214,243,615,820,ok
1_approach,20260824_195651.jpg,-33.59,295,477,127,224,615,820,ok
1_approach,20260824_195707.jpg,36.73,260,463,457,199,615,820,ok
1_approach,20260824_195908.jpg,51.05,288,523,502,350,615,820,ok
1_approach,20260824_195931.jpg,38.29,314,653,509,406,615,820,ok
1_approach,20260824_200049.jpg,-2.07,297,579,286,275,615,820,ok
1_approach,20260824_200122.jpg,13.74,340,451,408,173,615,820,ok
1_approach,20260824_200133.jpg,40.01,325,482,487,289,615,820,ok
1_approach,20260824_200238.jpg,-66.51,435,440,129,307,615,820,ok
1_approach,20260824_200248.jpg,-42.77,322,590,100,350,615,820,ok
1_approach,20260824_200341.jpg,-56.80,419,440,173,279,615,820,ok
1_approach,20260824_200356.jpg,-35.38,331,410,206,234,615,820,ok
1_approach,20260827_200804.jpg,14.41,235,610,309,322,615,820,ok
1_approach,20260827_205348.jpg,38.25,219,601,409,360,615,820,ok
1_approach,20260827_205637.jpg,-49.76,444,475,223,288,615,820,ok
1_approach,20260828_103715.jpg,29.28,302,624,413,426,615,820,ok
1_approach,20260828_103723.jpg,-18.36,377,691,302,465,615,820,ok
1_approach,20260828_103923.jpg,-59.04,398,505,88,319,615,820,ok
1_approach,20260828_103929.jpg,12.11,369,509,419,276,615,820,ok
1_approach,20260828_104010.jpg,0.00,369,510,369,227,615,820,ok
1_approach,20260828_104135.jpg,56.47,252,566,495,405,615,820,ok
1_approach,20260828_104137.jpg,8.26,310,708,363,343,615,820,ok
1_approach,20260828_104153.jpg,-19.01,341,657,269,448,615,820,ok
1_approach,20260828_104220.jpg,-16.11,379,623,312,391,615,820,ok
1_approach,20260828_104245.jpg,42.48,248,604,454,379,615,820,ok
1_approach,20260828_104248.jpg,-17.41,391,639,322,419,615,820,ok
1_approach,20260828_104616.jpg,25.81,292,621,425,346,615,820,ok
1_approach,20260828_104632.jpg,-38.77,328,488,177,300,615,820,ok
1_approach,20260828_104717.jpg,-0.52,297,484,295,264,615,820,ok
1_approach,20260831_200214.jpg,-49.97,474,673,274,505,615,820,ok
1_approach,20260831_200219.jpg,52.33,227,656,442,490,615,820,ok
1_approach,20260831_200231.jpg,-51.66,342,576,189,455,615,820,ok
1_approach,20260831_200457.jpg,-49.80,381,596,194,438,615,820,ok
1_approach,20260831_200608.jpg,31.80,256,615,380,415,615,820,ok
1_approach,20260831_200625.jpg,-28.59,378,560,281,382,615,820,ok
1_approach,20260831_200826.jpg,2.21,292,613,304,302,615,820,ok
1_approach,20260831_200838.jpg,-0.25,351,512,350,282,615,820,ok
1_approach,20260831_200930.jpg,2.47,342,551,353,296,615,820,ok
1_approach,20260831_201012.jpg,51.94,263,528,452,380,615,820,ok
1_approach,20260831_201027.jpg,35.01,384,577,536,360,615,820,ok
1_approach,20260831_201028.jpg,0.00,323,563,323,336,615,820,ok
1_approach,20260831_201123.jpg,-53.75,390,481,255,382,615,820,ok
1_approach,20260831_201143.jpg,30.30,300,517,397,351,615,820,ok
1_approach,20260831_201157.jpg,,,,,,615,820,skipped
1_approach,20260831_201207.jpg,,,,,,615,820,skipped
1_approach,20260831_201238.jpg,-43.54,347,511,194,350,615,820,ok
1_approach,20260831_201252.jpg,-49.92,422,577,214,402,615,820,ok
1_approach,20260831_201255.jpg,-1.49,369,683,362,413,615,820,ok
1_approach,20260831_201310.jpg,38.21,263,583,422,381,615,820,ok
1_approach,20260831_201322.jpg,34.14,243,562,342,416,615,820,ok
1_approach,20260831_201415.jpg,-40.26,386,527,270,390,615,820,ok
1_approach,20260831_201434.jpg,-47.61,340,418,214,303,615,820,ok
1_approach,20260831_201436.jpg,-19.16,271,614,197,401,615,820,ok
2_front,20260823_160657.jpg,-0.86,392,632,387,297,615,820,ok
2_front,20260824_195740.jpg,-5.69,333,666,301,345,615,820,ok
2_front,20260824_200125.jpg,4.38,318,586,341,286,615,820,ok
2_front,20260824_200144.jpg,0.22,327,587,328,331,615,820,ok
2_front,20260827_091728.jpg,0.94,314,587,318,343,615,820,ok
2_front,20260827_201705.jpg,-2.08,243,534,235,314,615,820,ok
2_front,20260827_205354.jpg,-2.48,334,618,323,364,615,820,ok
2_front,20260828_103725.jpg,-3.11,335,627,325,443,615,820,ok
2_front,20260828_104029.jpg,-4.72,294,526,275,296,615,820,ok
2_front,20260828_104035.jpg,-3.93,349,630,333,397,615,820,ok
2_front,20260828_104200.jpg,-6.66,351,590,328,393,615,820,ok
2_front,20260828_104618.jpg,-2.21,304,570,293,285,615,820,ok
2_front,20260828_104625.jpg,0.39,278,596,280,303,615,820,ok
2_front,20260828_104644.jpg,-0.50,332,565,330,337,615,820,ok
2_front,20260828_104719.jpg,0.00,278,621,278,395,615,820,ok
2_front,20260831_200216.jpg,4.38,300,594,318,359,615,820,ok
2_front,20260831_200223.jpg,1.86,323,608,331,362,615,820,ok
2_front,20260831_200237.jpg,1.50,304,599,310,370,615,820,ok
2_front,20260831_200831.jpg,1.98,292,614,299,412,615,820,ok
2_front,20260831_200840.jpg,3.97,295,591,310,375,615,820,ok
2_front,20260831_200933.jpg,-6.71,315,568,291,364,615,820,ok
2_front,20260831_201018.jpg,2.84,309,624,320,402,615,820,ok
2_front,20260831_201135.jpg,2.57,315,541,323,363,615,820,ok
2_front,20260831_201147.jpg,1.50,323,474,328,283,615,820,ok
2_front,20260831_201201.jpg,-3.00,312,488,303,316,615,820,ok
2_front,20260831_201244.jpg,3.25,305,482,316,288,615,820,ok
2_front,20260831_201247.jpg,-0.67,300,539,297,283,615,820,ok
2_front,20260831_201315.jpg,0.82,295,614,298,404,615,820,ok
2_front,20260831_201318.jpg,-2.08,321,679,313,459,615,820,ok
2_front,20260831_201326.jpg,1.21,310,570,316,286,615,820,ok
2_front,20260831_201418.jpg,6.37,315,604,343,353,615,820,ok
2_front,20260831_201438.jpg,4.69,335,604,355,360,615,820,ok
3_left,20260823_160903.jpg,31.25,325,682,450,476,615,820,ok
3_left,20260823_161829.jpg,44.03,221,679,395,499,615,820,ok
3_left,20260824_184815.jpg,36.28,303,644,441,456,615,820,ok
3_left,20260824_184901.jpg,10.34,315,639,361,387,615,820,ok
3_left,20260824_195734.jpg,31.84,300,541,454,293,615,820,ok
3_left,20260824_200139.jpg,47.26,312,527,470,381,615,820,ok
3_left,20260828_104623.jpg,34.85,330,532,486,308,615,820,ok
3_left,20260831_200450.jpg,29.56,383,577,476,413,615,820,ok
3_left,20260831_201016.jpg,44.52,230,596,407,416,615,820,ok
3_left,20260831_201159.jpg,29.97,270,612,394,397,615,820,ok
3_left,20260831_201245.jpg,46.16,266,626,468,432,615,820,ok
3_left,20260831_201313.jpg,39.27,283,625,449,422,615,820,ok
3_left,20260831_201325.jpg,36.06,257,620,415,403,615,820,ok
3_left,20260831_201420.jpg,36.72,286,645,424,460,615,820,ok
3_left,20260831_201440.jpg,33.62,274,644,401,453,615,820,ok
4_right,20260823_142842.jpg,-54.74,303,542,105,402,615,820,ok
4_right,20260823_160640.jpg,-59.45,370,502,187,394,615,820,ok
4_right,20260823_160704.jpg,-46.87,307,487,165,354,615,820,ok
4_right,20260823_160853.jpg,-49.14,314,472,166,344,615,820,ok
4_right,20260823_160857.jpg,-16.32,354,559,284,320,615,820,ok
4_right,20260824_195730.jpg,-55.94,488,527,309,406,615,820,ok
4_right,20260824_200051.jpg,-29.58,365,654,260,469,615,820,ok
4_right,20260824_200250.jpg,-56.09,316,517,139,398,615,820,ok
4_right,20260827_201707.jpg,-58.79,395,564,187,438,615,820,ok
4_right,20260827_205639.jpg,-57.80,470,574,227,421,615,820,ok
4_right,20260828_104040.jpg,-20.63,321,696,228,449,615,820,ok
4_right,20260828_104042.jpg,-38.31,357,563,199,363,615,820,ok
4_right,20260828_104621.jpg,-50.30,343,518,137,347,615,820,ok
4_right,20260828_104642.jpg,-21.48,318,612,209,335,615,820,ok
4_right,20260828_115144.jpg,-56.87,409,489,196,350,615,820,ok
4_right,20260831_200234.jpg,-60.72,316,576,118,465,615,820,ok
4_right,20260831_200454.jpg,-35.92,242,603,129,447,615,820,ok
4_right,20260831_200615.jpg,-62.98,299,533,99,431,615,820,ok
4_right,20260831_200628.jpg,-12.56,245,615,194,386,615,820,ok
4_right,20260831_200820.jpg,-50.10,458,590,220,391,615,820,ok
4_right,20260831_200935.jpg,-49.50,407,621,174,422,615,820,ok
4_right,20260831_201020.jpg,-43.23,317,599,129,399,615,820,ok
4_right,20260831_201133.jpg,-42.38,404,651,237,468,615,820,ok
4_right,20260831_201149.jpg,-39.36,322,602,185,435,615,820,ok
4_right,20260831_201202.jpg,-45.87,429,603,229,409,615,820,ok
4_right,20260831_201242.jpg,-48.01,365,547,155,358,615,820,ok
4_right,20260831_201316.jpg,-43.35,332,615,113,383,615,820,ok
4_right,20260831_201327.jpg,-40.04,242,564,84,376,615,820,ok
4_right,20260831_201437.jpg,-19.94,255,608,177,393,615,820,ok
