from,to,filename,angle_deg,status
3_left,2_front,20260924_222534.jpg,-1.26,done
2_front,3_left,20260919_203312.jpg,14.83,done
2_front,4_right,20260919_204800.jpg,-14.53,done
2_front,3_left,20260919_205401.jpg,13.92,done
2_front,4_right,20260919_203747.jpg,-13.65,done
2_front,3_left,20260831_201418.jpg,13.34,done
2_front,3_left,20260919_203118.jpg,12.91,done
2_front,3_left,20260919_201358.jpg,11.57,done
2_front,4_right,20260919_203804.jpg,-11.55,done
2_front,4_right,20260919_205041.jpg,-11.49,done
2_front,3_left,20260919_202528.jpg,11.49,done
2_front,3_left,20260919_192135.jpg,11.04,done
2_front,3_left,20260919_204930.jpg,10.70,done
2_front,4_right,20260919_204940.jpg,-10.03,done
2_front,4_right,20260919_205147.jpg,-13.67,done
2_front,4_right,20260919_204902.jpg,-4.92,done
2_front,3_left,20260919_205042.jpg,8.51,done
2_front,3_left,20260920_203738.jpg,8.49,done
2_front,3_left,20260831_201438.jpg,7.79,done
2_front,4_right,20260919_205102.jpg,-7.70,done
2_front,4_right,20260919_204854.jpg,-7.13,done
2_front,4_right,20260919_203110.jpg,-7.39,done
2_front,3_left,20260919_203748.jpg,10.18,done
2_front,4_right,20260919_203050.jpg,-8.87,done
2_front,3_left,20260919_205128.jpg,8.94,done
2_front,4_right,20251119_163010_026_saved.jpg,-11.20,done
