idx,sheet,file,current_class,new_class,note
0,r00,left (1).jpg,left,,
1,r00,left (2).jpg,left,,
2,r00,20251119_130610.jpg,front,,
3,r00,20251119_130610_011_saved.jpg,front,,
4,r00,20251119_130610_012_saved.jpg,front,,
5,r00,20251119_130610_033_saved.jpg,front,,
6,r00,20251119_130610_073_saved.jpg,front,,
7,r00,left (210).jpg,left,,
8,r00,left (211).jpg,left,,
9,r00,right (10).jpg,right,,
10,r00,right (11).jpg,right,,
11,r00,20251119_131145.jpg,front,,
12,r00,20251119_131146_078_saved.jpg,front,,
13,r00,20251119_131146_092_saved.jpg,front,,
14,r00,20251119_131206_004_saved.jpg,front,,
15,r00,20251119_131206_025_saved.jpg,front,,
16,r00,20251119_131206_029_saved.jpg,front,,
17,r00,20251119_131206_040_saved.jpg,front,,
18,r00,20251119_131206_041_saved.jpg,front,,
19,r00,20251119_131206_069_saved.jpg,front,,
20,r00,left (235).jpg,left,,
21,r00,right (272).jpg,right,,
22,r00,right (273).jpg,right,,
23,r00,20251119_131658_006_saved.jpg,front,,
24,r01,20251119_131658_009_saved.jpg,front,,
25,r01,20251119_131658_023_saved.jpg,front,,
26,r01,20251119_131658_098_saved.jpg,front,,
27,r01,20251119_131658_099_saved.jpg,front,,
28,r01,20251119_131658_100_saved.jpg,front,,
29,r01,20251119_132007.jpg,front,,
30,r01,20251119_132013_049_saved.jpg,front,,
31,r01,20251119_132013_100_saved.jpg,front,,
32,r01,left (443).jpg,left,,
33,r01,left (444).jpg,left,,
34,r01,left (508).jpg,left,,
35,r01,20251119_153628.jpg,front,,
36,r01,left (676).jpg,left,,
37,r01,left (717).jpg,left,,
38,r01,left (718).jpg,left,,
39,r01,20251119_154454.jpg,front,,
40,r01,20251119_154454_012_saved.jpg,front,,
41,r01,20251119_154454_100_saved.jpg,front,,
42,r01,20251119_154949.jpg,front,,
43,r01,right (559).jpg,right,,
44,r01,right (569).jpg,right,,
45,r01,20251119_155329.jpg,front,,
46,r01,20251119_155329_086_saved.jpg,front,,
47,r01,20251119_155329_089_saved.jpg,front,,
48,r02,20251119_155329_099_saved.jpg,front,,
49,r02,20251119_155329_100_saved.jpg,front,,
50,r02,left (949).jpg,left,,
51,r02,left (950).jpg,left,,
52,r02,left (951).jpg,left,,
53,r02,20251119_160548.jpg,front,,
54,r02,20251119_160548_024_saved.jpg,front,,
55,r02,20251119_160548_025_saved.jpg,front,,
56,r02,20251119_160548_051_saved.jpg,front,,
57,r02,20251119_160555_055_saved.jpg,front,,
58,r02,20251119_160555_068_saved.jpg,front,,
59,r02,20251119_160555_081_saved.jpg,front,,
60,r02,left (1159).jpg,left,,
61,r02,left (1183).jpg,left,,
62,r02,left (1184).jpg,left,,
63,r02,right (855).jpg,right,,
64,r02,right (908).jpg,right,,
65,r02,20251119_161645.jpg,front,,
66,r02,20251119_161646_016_saved.jpg,front,,
67,r02,20251119_161652_018_saved.jpg,front,,
68,r02,20251119_161652_068_saved.jpg,front,,
69,r02,20251119_161652_069_saved.jpg,front,,
70,r02,20251119_161652_080_saved.jpg,front,,
71,r02,20251119_161652_081_saved.jpg,front,,
72,r03,20251119_161750_001_saved.jpg,front,,
73,r03,20251119_161750_002_saved.jpg,front,,
74,r03,20251119_161750_003_saved.jpg,front,,
75,r03,20251119_161750_004_saved.jpg,front,,
76,r03,20251119_161750_014_saved.jpg,front,,
77,r03,20251119_161750_015_saved.jpg,front,,
78,r03,20251119_161750_016_saved.jpg,front,,
79,r03,20251119_161750_017_saved.jpg,front,,
80,r03,20251119_161750_027_saved.jpg,front,,
81,r03,20251119_161750_028_saved.jpg,front,,
82,r03,20251119_161750_029_saved.jpg,front,,
83,r03,20251119_161750_030_saved.jpg,front,,
84,r03,20251119_161750_040_saved.jpg,front,,
85,r03,20251119_161750_041_saved.jpg,front,,
86,r03,20251119_161750_042_saved.jpg,front,,
87,r03,20251119_161750_043_saved.jpg,front,,
88,r03,20251119_161750_053_saved.jpg,front,,
89,r03,20251119_161750_054_saved.jpg,front,,
90,r03,20251119_161750_055_saved.jpg,front,,
91,r03,20251119_161750_056_saved.jpg,front,,
92,r03,20251119_161750_057_saved.jpg,front,,
93,r03,20251119_161750_058_saved.jpg,front,,
94,r03,20251119_161750_059_saved.jpg,front,,
95,r03,20251119_161750_060_saved.jpg,front,,
96,r04,20251119_161750_090_saved.jpg,front,,
97,r04,20251119_161750_091_saved.jpg,front,,
98,r04,20251119_161750_092_saved.jpg,front,,
99,r04,20251119_161750_093_saved.jpg,front,,
100,r04,20251119_162002.jpg,front,,
101,r04,20251119_162003_001_saved.jpg,front,,
102,r04,20251119_162003_002_saved.jpg,front,,
103,r04,20251119_162003_003_saved.jpg,front,,
104,r04,20251119_162003_004_saved.jpg,front,,
105,r04,20251119_162003_005_saved.jpg,front,,
106,r04,20251119_162003_006_saved.jpg,front,,
107,r04,20251119_162003_007_saved.jpg,front,,
108,r04,20251119_162003_008_saved.jpg,front,,
109,r04,20251119_162003_009_saved.jpg,front,,
110,r04,20251119_162003_010_saved.jpg,front,,
111,r04,20251119_162003_011_saved.jpg,front,,
112,r04,20251119_162003_012_saved.jpg,front,,
113,r04,20251119_162003_013_saved.jpg,front,,
114,r04,20251119_162003_014_saved.jpg,front,,
115,r04,20251119_162003_015_saved.jpg,front,,
116,r04,20251119_162003_094_saved.jpg,front,,
117,r04,20251119_162003_095_saved.jpg,front,,
118,r04,20251119_162003_096_saved.jpg,front,,
119,r04,20251119_162003_097_saved.jpg,front,,
120,r05,20251119_162003_098_saved.jpg,front,,
121,r05,20251119_162003_099_saved.jpg,front,,
122,r05,20251119_162003_100_saved.jpg,front,,
123,r05,20251119_162008.jpg,front,,
124,r05,20251119_162009_001_saved.jpg,front,,
125,r05,20251119_162009_002_saved.jpg,front,,
126,r05,20251119_162009_003_saved.jpg,front,,
127,r05,20251119_162009_004_saved.jpg,front,,
128,r05,20251119_162009_005_saved.jpg,front,,
129,r05,20251119_162009_071_saved.jpg,front,,
130,r05,20251119_162009_084_saved.jpg,front,,
131,r05,20251119_162009_097_saved.jpg,front,,
132,r05,20251119_162308_009_saved.jpg,front,,
133,r05,20251119_162308_022_saved.jpg,front,,
134,r05,20251119_162317_010_saved.jpg,front,,
135,r05,20251119_162317_023_saved.jpg,front,,
136,r05,20251119_162317_024_saved.jpg,front,,
137,r05,20251119_162317_025_saved.jpg,front,,
138,r05,20251119_162317_026_saved.jpg,front,,
139,r05,20251119_162317_027_saved.jpg,front,,
140,r05,20251119_162317_028_saved.jpg,front,,
141,r05,20251119_162317_029_saved.jpg,front,,
142,r05,20251119_162317_030_saved.jpg,front,,
143,r05,right (1194).jpg,right,,
144,r06,right (1195).jpg,right,,
145,r06,left (1392).jpg,left,,
146,r06,left (1393).jpg,left,,
147,r06,left (1457).jpg,left,,
148,r06,20251119_163006_035_saved.jpg,front,,
149,r06,20251119_163010.jpg,front,,
150,r06,20251119_163010_013_saved.jpg,front,,
151,r06,20251119_163010_026_saved.jpg,front,,
152,r06,20251119_163013_010_saved.jpg,front,,
153,r06,20251119_163013_023_saved.jpg,front,,
154,r06,20251119_163013_030_saved.jpg,front,,
155,r06,20251119_163013_055_saved.jpg,front,,
156,r06,20251119_163013_068_saved.jpg,front,,
157,r06,20251119_163243_038_saved.jpg,front,,
158,r06,20251119_163243_039_saved.jpg,front,,
159,r06,20251119_163243_040_saved.jpg,front,,
160,r06,20251119_163243_077_saved.jpg,front,,
161,r06,20251119_163243_078_saved.jpg,front,,
162,r06,left (1625).jpg,left,,
163,r06,left (1666).jpg,left,,
164,r06,right (1456).jpg,right,,
165,r06,left (1690).jpg,left,,
166,r06,right (1482).jpg,right,,
167,r06,20251119_163652.jpg,front,,
168,r07,20251119_163653_011_saved.jpg,front,,
169,r07,20251119_163653_032_saved.jpg,front,,
170,r07,20251119_163653_033_saved.jpg,front,,
171,r07,20251119_163653_034_saved.jpg,front,,
172,r07,20251119_163653_045_saved.jpg,front,,
173,r07,20251119_163653_046_saved.jpg,front,,
174,r07,20251119_163653_047_saved.jpg,front,,
175,r07,20251119_163716_002_saved.jpg,front,,
176,r07,20251119_163716_003_saved.jpg,front,,
177,r07,20251119_163716_004_saved.jpg,front,,
178,r07,20251119_163716_015_saved.jpg,front,,
179,r07,20251119_163716_016_saved.jpg,front,,
180,r07,20251119_163716_039_saved.jpg,front,,
181,r07,20251119_163716_052_saved.jpg,front,,
182,r07,20251119_163716_065_saved.jpg,front,,
183,r07,20251119_163913_009_saved.jpg,front,,
184,r07,20251119_163913_022_saved.jpg,front,,
185,r07,20251119_163913_041_saved.jpg,front,,
186,r07,20251119_163913_069_saved.jpg,front,,
187,r07,20251119_163913_081_saved.jpg,front,,
188,r07,20251119_163913_082_saved.jpg,front,,
189,r07,20251119_164334_003_saved.jpg,front,,
190,r07,20251119_164334_004_saved.jpg,front,,
191,r07,20251119_164334_016_saved.jpg,front,,
192,r08,20251119_164334_017_saved.jpg,front,,
193,r08,20251119_164334_029_saved.jpg,front,,
194,r08,20251119_164334_030_saved.jpg,front,,
195,r08,20251119_164334_031_saved.jpg,front,,
196,r08,20251119_164340_063_saved.jpg,front,,
197,r08,20251119_164346_014_saved.jpg,front,,
198,r08,20251119_164346_015_saved.jpg,front,,
199,r08,20251119_164346_027_saved.jpg,front,,
200,r08,20251119_164346_028_saved.jpg,front,,
201,r08,20251119_164346_040_saved.jpg,front,,
202,r08,20251119_164346_052_saved.jpg,front,,
203,r08,20251119_164354_003_saved.jpg,front,,
204,r08,20251119_164354_004_saved.jpg,front,,
205,r08,20251119_164354_016_saved.jpg,front,,
206,r08,20251119_164354_017_saved.jpg,front,,
207,r08,20251119_164354_018_saved.jpg,front,,
208,r08,20251119_164354_030_saved.jpg,front,,
209,r08,20251119_164354_031_saved.jpg,front,,
210,r08,20251119_164354_043_saved.jpg,front,,
211,r08,20251119_164354_044_saved.jpg,front,,
212,r08,20251119_164354_056_saved.jpg,front,,
213,r08,20251119_164354_057_saved.jpg,front,,
214,r08,20251119_164354_069_saved.jpg,front,,
215,r08,20251119_164354_070_saved.jpg,front,,
216,r09,20251119_164425_011_saved.jpg,front,,
217,r09,20251119_164425_012_saved.jpg,front,,
218,r09,20251119_164425_024_saved.jpg,front,,
219,r09,20251119_164425_025_saved.jpg,front,,
220,r09,20251119_164425_098_saved.jpg,front,,
221,r09,20251119_164432_071_saved.jpg,front,,
222,r09,20251119_164432_072_saved.jpg,front,,
223,r09,20251119_164432_073_saved.jpg,front,,
224,r09,20251119_164432_074_saved.jpg,front,,
225,r09,20251119_164432_075_saved.jpg,front,,
226,r09,20251119_164432_082_saved.jpg,front,,
227,r09,20251119_164432_096_saved.jpg,front,,
228,r09,20251119_164432_097_saved.jpg,front,,
229,r09,20251119_164432_098_saved.jpg,front,,
230,r09,20251119_164432_099_saved.jpg,front,,
231,r09,20251119_164432_100_saved.jpg,front,,
232,r09,right (1752).jpg,right,,
233,r09,right (1753).jpg,right,,
234,r09,20251119_175218.jpg,front,,
235,r09,20251119_175218_007_saved.jpg,front,,
236,r09,20251119_175218_020_saved.jpg,front,,
237,r09,20251119_175218_096_saved.jpg,front,,
238,r09,20251119_175225_005_saved.jpg,front,,
239,r09,left (1898).jpg,left,,
240,r10,left (1899).jpg,left,,
241,r10,left (1900).jpg,left,,
242,r10,20251119_175635_005_saved.jpg,front,,
243,r10,20251119_175635_006_saved.jpg,front,,
244,r10,20251119_175635_007_saved.jpg,front,,
245,r10,20251119_175635_008_saved.jpg,front,,
246,r10,20251119_175635_016_saved.jpg,front,,
247,r10,20251119_175635_017_saved.jpg,front,,
248,r10,20251119_175635_018_saved.jpg,front,,
249,r10,20251119_175635_091_saved.jpg,front,,
250,r10,20251119_175641_003_saved.jpg,front,,
251,r10,20251119_175641_062_saved.jpg,front,,
252,r10,20251119_175647_046_saved.jpg,front,,
253,r10,20251119_175647_059_saved.jpg,front,,
254,r10,20251119_175647_072_saved.jpg,front,,
255,r10,20251119_175647_085_saved.jpg,front,,
256,r10,20251119_175647_098_saved.jpg,front,,
257,r10,20251119_175647_099_saved.jpg,front,,
258,r10,20251119_175647_100_saved.jpg,front,,
259,r10,right (2039).jpg,right,,
260,r10,right (2092).jpg,right,,
261,r10,20251119_180913.jpg,front,,
262,r10,20251119_180913_001_saved.jpg,front,,
263,r10,20251119_180913_002_saved.jpg,front,,
264,r11,20251119_180913_003_saved.jpg,front,,
265,r11,20251119_180913_004_saved.jpg,front,,
266,r11,20251119_180913_005_saved.jpg,front,,
267,r11,20251119_180913_078_saved.jpg,front,,
268,r11,20251119_180913_091_saved.jpg,front,,
269,r11,20251119_180921_003_saved.jpg,front,,
270,r11,20251119_180921_016_saved.jpg,front,,
271,r11,20251119_180921_056_saved.jpg,front,,
272,r11,20251119_180921_057_saved.jpg,front,,
273,r11,20251119_180921_065_saved.jpg,front,,
274,r11,left (2123).jpg,left,,
275,r11,left (2132).jpg,left,,
276,r11,left (2133).jpg,left,,
277,r11,20251119_181245.jpg,front,,
278,r11,20251119_181245_081_saved.jpg,front,,
279,r11,left (2341).jpg,left,,
280,r11,left (2342).jpg,left,,
281,r11,left (2406).jpg,left,,
282,r11,20251120_163823_071_saved.jpg,front,,
283,r11,20251120_163823_084_saved.jpg,front,,
284,r11,right (2378).jpg,right,,
285,r11,right (2379).jpg,right,,
286,r11,left (2574).jpg,left,,
287,r11,left (2630).jpg,left,,
288,r12,left (2639).jpg,left,,
289,r12,20251120_164854_014_saved.jpg,front,,
290,r12,20251120_164854_022_saved.jpg,front,,
291,r12,20251120_164854_100_saved.jpg,front,,
292,r12,right (2665).jpg,right,,
293,r12,right (2675).jpg,right,,
294,r12,left (2847).jpg,left,,
295,r12,left (2848).jpg,left,,
296,r12,left (2849).jpg,left,,
297,r12,20251120_165640.jpg,front,,
298,r12,20251120_165640_001_saved.jpg,front,,
299,r12,20251120_165640_012_saved.jpg,front,,
300,r12,20251120_165640_025_saved.jpg,front,,
301,r12,20251120_165646_067_saved.jpg,front,,
302,r12,20251120_165646_093_saved.jpg,front,,
303,r12,left (3072).jpg,left,,
304,r12,left (3081).jpg,left,,
305,r12,left (3082).jpg,left,,
306,r12,right (2936).jpg,right,,
307,r12,right (2937).jpg,right,,
308,r12,20251120_170830_005_saved.jpg,front,,
309,r12,20251120_170830_018_saved.jpg,front,,
310,r12,20251120_170830_031_saved.jpg,front,,
311,r12,20251120_170830_044_saved.jpg,front,,
312,r13,20251120_170830_057_saved.jpg,front,,
313,r13,20251120_170830_070_saved.jpg,front,,
314,r13,20251120_170830_083_saved.jpg,front,,
315,r13,20251120_170830_096_saved.jpg,front,,
316,r13,20251120_171001_008_saved.jpg,front,,
317,r13,20251120_171001_034_saved.jpg,front,,
318,r13,20251120_171001_047_saved.jpg,front,,
319,r13,20251120_171001_060_saved.jpg,front,,
320,r13,20251120_171001_073_saved.jpg,front,,
321,r13,20251120_171001_086_saved.jpg,front,,
322,r13,20251120_171001_099_saved.jpg,front,,
323,r13,left (3290).jpg,left,,
324,r13,left (3306).jpg,left,,
325,r13,left (3355).jpg,left,,
326,r13,20251120_171353_096_saved.jpg,front,,
327,r13,20251120_171353_100_saved.jpg,front,,
328,r13,left (3523).jpg,left,,
329,r13,left (3579).jpg,left,,
330,r13,left (3588).jpg,left,,
331,r13,right (3223).jpg,right,,
332,r13,right (3301).jpg,right,,
333,r13,20260708_192159.jpg,front,,
334,r13,20260708_192208.jpg,left,,
335,r13,20260708_192222.jpg,none,,
336,r14,20260708_192223.jpg,none,,
337,r14,20260708_192226.jpg,none,,
338,r14,20260708_192227.jpg,none,,
339,r14,20260708_192231.jpg,none,,
340,r14,20260708_192232.jpg,none,,
341,r14,20260708_192203.jpg,right,,
342,r14,20260708_203302.jpg,front,,
343,r14,20260708_203323.jpg,front,,
344,r14,20260708_203305.jpg,left,,
345,r14,20260708_203311.jpg,left,,
346,r14,20260708_203334.jpg,left,,
347,r14,20260708_203344.jpg,left,,
348,r14,20260708_203402.jpg,none,,
349,r14,20260708_203255.jpg,right,,
350,r14,20260708_203259.jpg,right,,
351,r14,20260709_114804.jpg,none,,
352,r14,20260709_114806.jpg,none,,
353,r14,20260709_114825.jpg,none,,
354,r14,20260709_114826.jpg,none,,
355,r14,20260709_114828.jpg,none,,
356,r14,20260709_114830.jpg,none,,
357,r14,20260709_114858.jpg,none,,
358,r14,20260709_114859.jpg,none,,
359,r14,20260709_114901.jpg,none,,
360,r15,20260709_114903.jpg,none,,
361,r15,20260709_183113.jpg,none,,
362,r15,20260709_183118.jpg,none,,
363,r15,20260709_201944.jpg,left,,
364,r15,20260709_202043.jpg,none,,
365,r15,20260709_202044.jpg,none,,
366,r15,20260709_202046.jpg,none,,
367,r15,20260709_202048.jpg,none,,
368,r15,20260709_201946.jpg,right,,
369,r15,20260709_201947.jpg,right,,
370,r15,20260709_202454.jpg,none,,
371,r15,20260709_202458.jpg,none,,
372,r15,20260709_202503.jpg,none,,
373,r15,20260709_202524.jpg,none,,
374,r15,20260709_202526.jpg,none,,
375,r15,20260709_202531.jpg,none,,
376,r15,20260709_202709.jpg,none,,
377,r15,20260709_202711.jpg,none,,
378,r15,20260709_202721.jpg,none,,
379,r15,20260709_202849.jpg,none,,
380,r15,20260709_202951.jpg,front,,
381,r15,20260709_203009.jpg,front,,
382,r15,20260709_203013.jpg,front,,
383,r15,20260709_202953.jpg,left,,
384,r16,20260709_203041.jpg,left,,
385,r16,20260709_203120.jpg,none,,
386,r16,20260709_203131.jpg,none,,
387,r16,20260709_203133.jpg,none,,
388,r16,20260709_203000.jpg,right,,
389,r16,20260709_203021.jpg,right,,
390,r16,20260709_203840.jpg,front,,
391,r16,20260709_203844.jpg,right,,
392,r16,20260719_084157.jpg,none,,
393,r16,20260719_140724.jpg,none,,
394,r16,20260719_140734.jpg,none,,
395,r16,20260719_140743.jpg,none,,
396,r16,20260719_140824.jpg,none,,
397,r16,20260719_140906.jpg,none,,
398,r16,20260719_141049.jpg,none,,
399,r16,20260719_141247.jpg,front,,
400,r16,20260719_141217.jpg,none,,
401,r16,20260719_141356.jpg,front,,
402,r16,20260719_141616.jpg,left,,
403,r16,20260719_141415.jpg,none,,
404,r16,20260719_141506.jpg,none,,
405,r16,20260719_141515.jpg,none,,
406,r16,20260719_141613.jpg,right,,
407,r16,20260719_141724.jpg,left,,
408,r17,20260719_141740.jpg,left,,
409,r17,20260719_141834.jpg,none,,
410,r17,20260719_141839.jpg,none,,
411,r17,20260719_141840.jpg,none,,
412,r17,20260719_141843.jpg,none,,
413,r17,20260719_141858.jpg,none,,
414,r17,20260719_141901.jpg,none,,
415,r17,20260719_141908.jpg,none,,
416,r17,20260719_141913.jpg,none,,
417,r17,20260719_141731.jpg,right,,
418,r17,20260719_141743.jpg,right,,
419,r17,20260719_141815.jpg,right,,
420,r17,20260719_141816.jpg,right,,
421,r17,20260719_141822.jpg,right,,
422,r17,20260719_142028.jpg,none,,
423,r17,20260719_142030.jpg,none,,
424,r17,20260719_142053.jpg,none,,
425,r17,20260719_142243.jpg,none,,
426,r17,20260719_142245.jpg,none,,
427,r17,20260719_142411.jpg,none,,
428,r17,20260719_142443.jpg,none,,
429,r17,20260719_145946.jpg,none,,
430,r17,20260719_145949.jpg,none,,
431,r17,20260719_145952.jpg,none,,
432,r18,20260719_150048.jpg,none,,
433,r18,20260719_150232.jpg,none,,
434,r18,20260719_150706.jpg,none,,
435,r18,20260719_150707.jpg,none,,
436,r18,20260719_150738.jpg,none,,
437,r18,20260719_150759.jpg,none,,
438,r18,20260719_150806.jpg,none,,
439,r18,20260719_150812.jpg,none,,
440,r18,20260719_150919.jpg,none,,
441,r18,20260719_150959.jpg,none,,
442,r18,20260719_151004.jpg,none,,
443,r18,20260719_151014.jpg,none,,
444,r18,20260719_151019.jpg,none,,
445,r18,20260719_151031.jpg,none,,
446,r18,20260719_151032.jpg,none,,
447,r18,20260719_151033.jpg,none,,
448,r18,20260719_151118.jpg,none,,
449,r18,20260719_151121.jpg,none,,
450,r18,20260719_150939.jpg,right,,
451,r18,20260721_081349.jpg,front,,
452,r18,20260721_081353.jpg,left,,
453,r18,20260721_081405.jpg,none,,
454,r18,20260721_081351.jpg,right,,
455,r18,20260721_081506.jpg,none,,
456,r19,20260721_081511.jpg,none,,
457,r19,20260721_081514.jpg,none,,
458,r19,20260721_081553.jpg,none,,
459,r19,20260721_081557.jpg,none,,
460,r19,20260721_081630.jpg,none,,
461,r19,20260721_081646.jpg,none,,
462,r19,20260722_133658.jpg,left,,
463,r19,20260722_133707.jpg,left,,
464,r19,20260722_133710.jpg,left,,
465,r19,20260722_133728.jpg,left,,
466,r19,20260722_133730.jpg,left,,
467,r19,20260722_133731.jpg,left,,
468,r19,20260722_133700.jpg,right,,
469,r19,20260722_133703.jpg,right,,
470,r19,20260722_133704.jpg,right,,
471,r19,20260722_183601.jpg,none,,
472,r19,20260722_183606.jpg,none,,
473,r19,20260724_114719.jpg,none,,
474,r19,20260724_114722.jpg,none,,
475,r19,20260724_114725.jpg,none,,
476,r19,20260724_114800.jpg,none,,
477,r19,20260724_114802.jpg,none,,
478,r19,20260724_114806.jpg,none,,
479,r19,20260724_154239.jpg,none,,
480,r20,20260724_154240.jpg,none,,
481,r20,20260724_180436.jpg,left,,
482,r20,20260724_180157.jpg,none,,
483,r20,20260724_180248.jpg,none,,
484,r20,20260724_180312.jpg,none,,
485,r20,20260724_180331.jpg,none,,
486,r20,20260724_180405.jpg,none,,
487,r20,20260724_180513.jpg,none,,
488,r20,20260724_180533.jpg,none,,
489,r20,20260724_180549.jpg,none,,
490,r20,20260724_180607.jpg,none,,
491,r20,20260724_180649.jpg,none,,
492,r20,20260724_180659.jpg,none,,
493,r20,20260724_180722.jpg,none,,
494,r20,20260724_180749.jpg,none,,
495,r20,20260724_190451.jpg,left,,
496,r20,20260724_190455.jpg,left,,
497,r20,20260724_190306.jpg,none,,
498,r20,20260724_190324.jpg,none,,
499,r20,20260724_190339.jpg,none,,
500,r20,20260724_190420.jpg,none,,
501,r20,20260724_190430.jpg,none,,
502,r20,20260724_190535.jpg,none,,
503,r20,20260724_190556.jpg,none,,
504,r21,20260724_190605.jpg,none,,
505,r21,20260724_190631.jpg,none,,
506,r21,20260724_190635.jpg,none,,
507,r21,20260724_190640.jpg,none,,
508,r21,20260724_190643.jpg,none,,
509,r21,20260724_190646.jpg,none,,
510,r21,20260724_190650.jpg,none,,
511,r21,20260724_190653.jpg,none,,
512,r21,20260724_190713.jpg,none,,
513,r21,20260724_190727.jpg,none,,
514,r21,20260724_190847.jpg,right,,
515,r21,20260724_190853.jpg,right,,
516,r21,20260724_190909.jpg,right,,
517,r21,20260724_190912.jpg,right,,
518,r21,20260724_200428.jpg,none,,
519,r21,20260724_200431.jpg,none,,
520,r21,20260724_200439.jpg,right,,
521,r21,20260724_200442.jpg,right,,
522,r21,20260724_200446.jpg,right,,
523,r21,20260724_200447.jpg,right,,
524,r21,20260724_200451.jpg,right,,
525,r21,20260724_200454.jpg,right,,
526,r21,20260724_201152.jpg,none,,
527,r21,20260724_201153.jpg,none,,
528,r22,20260724_201400.jpg,front,,
529,r22,20260724_201438.jpg,front,,
530,r22,20260724_201439.jpg,front,,
531,r22,20260724_201327.jpg,left,,
532,r22,20260724_201358.jpg,left,,
533,r22,20260724_201426.jpg,left,,
534,r22,20260724_201427.jpg,left,,
535,r22,20260724_201403.jpg,right,,
536,r22,20260724_201430.jpg,right,,
537,r22,20260724_201431.jpg,right,,
538,r22,20260724_201455.jpg,right,,
539,r22,20260724_201456.jpg,right,,
540,r22,20260724_202157.jpg,left,,
541,r22,20260724_202159.jpg,left,,
542,r22,20260724_202125.jpg,none,,
543,r22,20260724_202240.jpg,none,,
544,r22,20260724_202259.jpg,none,,
545,r22,20260724_202200.jpg,right,,
546,r22,20260724_202202.jpg,right,,
547,r22,20260724_202446.jpg,left,,
548,r22,20260724_202413.jpg,none,,
549,r22,20260724_202443.jpg,right,,
550,r22,20260724_202716.jpg,front,,
551,r22,20260724_202718.jpg,left,,
552,r23,20260724_202757.jpg,none,,
553,r23,20260724_202814.jpg,none,,
554,r23,20260724_202822.jpg,none,,
555,r23,20260724_202646.jpg,right,,
556,r23,20260724_202712.jpg,right,,
557,r23,20260726_193655.jpg,none,,
558,r23,20260727_151140.jpg,left,,
559,r23,20260727_151144.jpg,left,,
560,r23,20260727_151146.jpg,left,,
561,r23,20260727_151135.jpg,right,,
562,r23,20260727_151136.jpg,right,,
563,r23,20260727_151147.jpg,right,,
564,r23,20260727_151149.jpg,right,,
565,r23,20260728_132911.jpg,none,,
566,r23,20260728_132919.jpg,none,,
567,r23,20260730_185231.jpg,none,,
568,r23,20260730_190446.jpg,left,,
569,r23,20260730_190448.jpg,left,,
570,r23,20260730_190431.jpg,none,,
571,r23,20260730_190450.jpg,right,,
572,r23,20260730_190453.jpg,right,,
573,r23,20260731_012051.jpg,left,,
574,r23,20260731_012033.jpg,none,,
575,r23,20260731_012102.jpg,none,,
576,r24,20260731_012226.jpg,front,,
577,r24,20260731_012424.jpg,front,,
578,r24,20260731_012622.jpg,front,,
579,r24,20260731_012230.jpg,left,,
580,r24,20260731_012403.jpg,left,,
581,r24,20260731_012428.jpg,left,,
582,r24,20260731_012620.jpg,left,,
583,r24,20260731_012633.jpg,left,,
584,r24,20260731_012436.jpg,none,,
585,r24,20260731_012520.jpg,none,,
586,r24,20260731_012528.jpg,none,,
587,r24,20260731_012544.jpg,none,,
588,r24,20260731_012644.jpg,none,,
589,r24,20260731_012218.jpg,right,,
590,r24,20260731_012312.jpg,right,,
591,r24,20260731_012352.jpg,right,,
592,r24,20260731_012416.jpg,right,,
593,r24,20260731_012611.jpg,right,,
594,r24,20260731_012629.jpg,right,,
595,r24,20260731_012910.jpg,front,,
596,r24,20260731_012912.jpg,left,,
597,r24,20260731_012814.jpg,none,,
598,r24,20260731_012821.jpg,none,,
599,r24,20260731_012904.jpg,none,,
600,r25,20260731_012908.jpg,right,,
601,r25,20260731_013026.jpg,front,,
602,r25,20260731_013101.jpg,front,,
603,r25,20260731_013137.jpg,front,,
604,r25,20260731_013103.jpg,left,,
605,r25,20260731_013051.jpg,none,,
606,r25,20260731_013115.jpg,none,,
607,r25,20260731_013124.jpg,none,,
608,r25,20260731_013126.jpg,none,,
609,r25,20260731_013141.jpg,none,,
610,r25,20260731_013213.jpg,none,,
611,r25,20260731_013239.jpg,none,,
612,r25,20260731_013059.jpg,right,,
613,r25,20260731_013106.jpg,right,,
614,r25,20260731_013418.jpg,front,,
615,r25,20260731_013420.jpg,left,,
616,r25,20260731_013438.jpg,none,,
617,r25,20260731_013423.jpg,right,,
618,r25,20260731_013449.jpg,right,,
619,r25,20260731_013453.jpg,right,,
620,r25,20260731_013602.jpg,front,,
621,r25,20260731_013614.jpg,front,,
622,r25,20260731_013841.jpg,front,,
623,r25,20260731_013847.jpg,front,,
624,r26,20260731_014020.jpg,front,,
625,r26,20260731_014028.jpg,front,,
626,r26,20260731_013606.jpg,left,,
627,r26,20260731_013833.jpg,left,,
628,r26,20260731_013835.jpg,left,,
629,r26,20260731_013848.jpg,left,,
630,r26,20260731_014014.jpg,left,,
631,r26,20260731_013626.jpg,none,,
632,r26,20260731_013720.jpg,none,,
633,r26,20260731_013758.jpg,none,,
634,r26,20260731_013909.jpg,none,,
635,r26,20260731_013913.jpg,none,,
636,r26,20260731_013946.jpg,none,,
637,r26,20260731_014034.jpg,none,,
638,r26,20260731_014113.jpg,none,,
639,r26,20260731_014152.jpg,none,,
640,r26,20260731_014155.jpg,none,,
641,r26,20260731_014200.jpg,none,,
642,r26,20260731_014229.jpg,none,,
643,r26,20260731_013608.jpg,right,,
644,r26,20260731_013837.jpg,right,,
645,r26,20260731_013838.jpg,right,,
646,r26,20260731_013850.jpg,right,,
647,r26,20260731_014023.jpg,right,,
648,r27,20260731_014024.jpg,right,,
649,r27,20260731_014407.jpg,front,,
650,r27,20260731_014413.jpg,front,,
651,r27,20260731_014416.jpg,front,,
652,r27,20260731_014434.jpg,left,,
653,r27,20260731_014438.jpg,none,,
654,r27,20260731_014527.jpg,none,,
655,r27,20260731_014624.jpg,none,,
656,r27,20260731_014712.jpg,none,,
657,r27,20260731_014423.jpg,right,,
658,r27,20260731_014838.jpg,front,,
659,r27,20260731_015007.jpg,front,,
660,r27,20260731_015012.jpg,front,,
661,r27,20260731_014842.jpg,left,,
662,r27,20260731_014851.jpg,left,,
663,r27,20260731_014958.jpg,left,,
664,r27,20260731_014825.jpg,none,,
665,r27,20260731_014831.jpg,none,,
666,r27,20260731_014902.jpg,none,,
667,r27,20260731_014937.jpg,right,,
668,r27,20260731_015001.jpg,right,,
669,r27,20260731_015119.jpg,front,,
670,r27,20260731_015142.jpg,front,,
671,r27,20260731_015305.jpg,front,,
672,r28,20260731_015317.jpg,front,,
673,r28,20260731_015123.jpg,left,,
674,r28,20260731_015157.jpg,left,,
675,r28,20260731_015244.jpg,left,,
676,r28,20260731_015308.jpg,left,,
677,r28,20260731_015139.jpg,none,,
678,r28,20260731_015333.jpg,none,,
679,r28,20260731_015420.jpg,none,,
680,r28,20260731_015459.jpg,none,,
681,r28,20260731_015126.jpg,right,,
682,r28,20260731_015207.jpg,right,,
683,r28,20260731_015235.jpg,right,,
684,r28,20260731_015310.jpg,right,,
685,r28,20260731_015618.jpg,front,,
686,r28,20260731_015621.jpg,front,,
687,r28,20260731_015646.jpg,front,,
688,r28,20260731_015823.jpg,front,,
689,r28,20260731_015828.jpg,front,,
690,r28,20260731_015837.jpg,front,,
691,r28,20260731_015858.jpg,front,,
692,r28,20260731_015603.jpg,left,,
693,r28,20260731_015643.jpg,left,,
694,r28,20260731_015831.jpg,left,,
695,r28,20260731_015626.jpg,none,,
696,r29,20260731_015655.jpg,none,,
697,r29,20260731_015709.jpg,none,,
698,r29,20260731_015746.jpg,none,,
699,r29,20260731_015613.jpg,right,,
700,r29,20260731_015640.jpg,right,,
701,r29,20260731_015826.jpg,right,,
702,r29,20260731_015834.jpg,right,,
703,r29,20260731_020000.jpg,front,,
704,r29,20260731_020015.jpg,front,,
705,r29,20260731_020157.jpg,front,,
706,r29,20260731_020029.jpg,left,,
707,r29,20260731_020033.jpg,left,,
708,r29,20260731_020211.jpg,left,,
709,r29,20260731_020112.jpg,none,,
710,r29,20260731_020245.jpg,none,,
711,r29,20260731_020007.jpg,right,,
712,r29,20260731_020200.jpg,right,,
713,r29,20260731_020222.jpg,right,,
714,r29,20260731_020449.jpg,none,,
715,r29,20260731_020552.jpg,right,,
716,r29,20260731_020810.jpg,front,,
717,r29,20260731_020833.jpg,front,,
718,r29,20260731_020841.jpg,front,,
719,r29,20260731_020847.jpg,left,,
720,r30,20260731_020858.jpg,none,,
721,r30,20260731_020938.jpg,none,,
722,r30,20260731_021033.jpg,none,,
723,r30,20260731_021054.jpg,none,,
724,r30,20260731_021056.jpg,none,,
725,r30,20260731_020835.jpg,right,,
726,r30,20260731_020844.jpg,right,,
727,r30,20260731_021430.jpg,front,,
728,r30,20260731_021434.jpg,left,,
729,r30,20260731_021452.jpg,none,,
730,r30,20260731_021438.jpg,right,,
731,r30,20260731_021445.jpg,right,,
732,r30,20260731_021602.jpg,none,,
733,r30,20260731_022025.jpg,front,,
734,r30,20260731_022041.jpg,front,,
735,r30,20260731_022107.jpg,front,,
736,r30,20260731_022047.jpg,left,,
737,r30,20260731_022112.jpg,left,,
738,r30,20260731_022118.jpg,none,,
739,r30,20260731_022044.jpg,right,,
740,r30,20260731_022050.jpg,right,,
741,r30,20260731_022105.jpg,right,,
742,r30,20260731_022349.jpg,none,,
743,r30,20260731_022414.jpg,none,,
744,r31,20260731_022539.jpg,front,,
745,r31,20260731_022547.jpg,left,,
746,r31,20260731_022617.jpg,none,,
747,r31,20260731_022543.jpg,right,,
748,r31,20260731_023034.jpg,none,,
749,r31,20260731_023328.jpg,front,,
750,r31,20260731_023444.jpg,front,,
751,r31,20260803_180309.jpg,none,,
752,r31,20260803_180353.jpg,none,,
753,r31,20260803_202313.jpg,none,,
754,r31,20260803_202410.jpg,none,,
755,r31,20260803_202416.jpg,none,,
756,r31,20260803_202429.jpg,none,,
757,r31,20260803_202350.jpg,right,,
758,r31,20260803_202401.jpg,right,,
759,r31,20260803_202404.jpg,right,,
760,r31,20260803_202423.jpg,right,,
761,r31,20260803_202425.jpg,right,,
762,r31,20260803_202436.jpg,right,,
763,r31,20260803_202438.jpg,right,,
764,r31,20260803_203458.jpg,right,,
765,r31,20260803_203502.jpg,right,,
766,r31,20260803_203549.jpg,right,,
767,r31,20260803_203607.jpg,right,,
768,r32,20260803_203745.jpg,right,,
769,r32,20260803_203752.jpg,right,,
770,r32,20260803_203754.jpg,right,,
771,r32,20260803_203912.jpg,right,,
772,r32,20260803_203914.jpg,right,,
773,r32,20260803_203917.jpg,right,,
774,r32,20260803_203942.jpg,right,,
775,r32,20260803_203945.jpg,right,,
776,r32,20260804_182203.jpg,front,,
777,r32,20260804_182200.jpg,right,,
778,r32,20260804_182205.jpg,right,,
779,r32,20260804_182408.jpg,front,,
780,r32,20260804_182410.jpg,left,,
781,r32,20260804_182403.jpg,right,,
782,r32,20260804_182405.jpg,right,,
783,r32,20260805_182136.jpg,right,,
784,r32,20260805_182210.jpg,right,,
785,r32,20260805_202144.jpg,right,,
786,r32,20260805_202149(0).jpg,right,,
787,r32,20260805_202149.jpg,right,,
788,r32,20260805_202408.jpg,left,,
789,r32,20260805_202411.jpg,left,,
790,r32,20260805_202442.jpg,left,,
791,r32,20260805_202450.jpg,left,,
792,r33,20260806_203443.jpg,left,,
793,r33,20260806_203447.jpg,left,,
794,r33,20260806_203445.jpg,right,,
795,r33,20260806_203448.jpg,right,,
796,r33,20260808_000203.jpg,front,,
797,r33,20260808_000211.jpg,front,,
798,r33,20260808_114925.jpg,right,,
799,r33,20260809_172925.jpg,front,,
800,r33,20260809_172935.jpg,front,,
801,r33,20260809_172943.jpg,left,,
802,r33,20260809_172941.jpg,right,,
803,r33,20260809_173618.jpg,left,,
804,r33,20260809_173622.jpg,right,,
805,r33,20260809_173923.jpg,front,,
806,r33,20260809_173925.jpg,left,,
807,r33,20260809_173921.jpg,right,,
808,r33,20260809_180128.jpg,right,,
809,r33,20260809_180346.jpg,none,,
810,r33,20260809_180436.jpg,right,,
811,r33,20260809_183525.jpg,none,,
812,r33,20260809_184426.jpg,right,,
813,r33,20260810_202356.jpg,front,,
814,r33,20260810_212715.jpg,none,,
815,r33,20260812_203837.jpg,front,,
816,r34,20260812_203835.jpg,left,,
817,r34,20260812_203831.jpg,right,,
818,r34,20260812_203832.jpg,right,,
819,r34,20260812_204108.jpg,none,,
820,r34,20260812_205130.jpg,right,,
821,r34,20260812_205409.jpg,front,,
822,r34,20260812_205304.jpg,left,,
823,r34,20260812_205410.jpg,left,,
824,r34,20260812_205319.jpg,none,,
825,r34,20260812_205232.jpg,right,,
826,r34,20260812_205302.jpg,right,,
827,r34,20260812_205406.jpg,right,,
828,r34,20260812_205408.jpg,right,,
829,r34,20260812_205545.jpg,front,,
830,r34,20260812_205543.jpg,right,,
831,r34,20260813_143517.jpg,none,,
832,r34,20260813_143526.jpg,none,,
833,r34,20260813_143536.jpg,none,,
834,r34,20260813_143806.jpg,none,,
835,r34,20260813_144430.jpg,none,,
836,r34,20260813_144441.jpg,none,,
837,r34,20260813_144505.jpg,none,,
838,r34,20260813_144530.jpg,none,,
839,r34,20260819_102606.jpg,none,,
840,r35,20260819_102910.jpg,none,,
841,r35,20260819_104828.jpg,none,,
842,r35,20260819_122945.jpg,front,,
