idx,part,folder,name,auto,human,agree
0,Surface_1,Surface_114,MP_SEL_SUR_008879.jpg,linear,linear,1
1,Surface_2,Surface_168,MP_SEL_SUR_012049.jpg,dot,dot,1
2,Surface_1,Surface_080,MP_SEL_SUR_007776.jpg,linear,linear,1
3,Surface_1,Surface_046,MP_SEL_SUR_004653.jpg,linear,linear,1
4,Surface_3,Surface_343,MP_SEL_SUR_023140.jpg,dot,dot,1
5,Surface_3,Surface_444,MP_SEL_SUR_029178.jpg,dot,dot,1
6,Surface_3,Surface_421,MP_SEL_SUR_026340.jpg,linear,linear,1
7,Surface_2,Surface_293,MP_SEL_SUR_019082.jpg,linear,linear,1
8,Surface_5,Surface_745,MP_SEL_SUR_044452.jpg,none,dot,0
9,Surface_3,Surface_332,MP_SEL_SUR_022612.jpg,linear,linear,1
10,Surface_1,Surface_080,MP_SEL_SUR_007786.jpg,dot,dot,1
11,Surface_2,Surface_140,MP_SEL_SUR_010361.jpg,linear,linear,1
12,Surface_2,Surface_173,MP_SEL_SUR_013623.jpg,dot,dot,1
13,Surface_2,Surface_250,MP_SEL_SUR_016741.jpg,dot,dot,1
14,Surface_4,Surface_605,MP_SEL_SUR_034855.jpg,linear,linear,1
15,Surface_3,Surface_321,MP_SEL_SUR_019744.jpg,linear,linear,1
16,Surface_1,Surface_113,MP_SEL_SUR_008838.jpg,both,both,1
17,Surface_5,Surface_681,MP_SEL_SUR_041580.jpg,both,both,1
18,Surface_4,Surface_577,MP_SEL_SUR_034277.jpg,linear,linear,1
19,Surface_4,Surface_586,MP_SEL_SUR_037666.jpg,linear,linear,1
20,Surface_3,Surface_359,MP_SEL_SUR_023585.jpg,dot,dot,1
21,Surface_5,Surface_704,MP_SEL_SUR_042385.jpg,dot,linear,0
22,Surface_5,Surface_659,MP_SEL_SUR_040449.jpg,dot,both,0
23,Surface_2,Surface_150,MP_SEL_SUR_010866.jpg,dot,dot,1
24,Surface_4,Surface_497,MP_SEL_SUR_031213.jpg,linear,linear,1
25,Surface_3,Surface_342,MP_SEL_SUR_023080.jpg,linear,linear,1
26,Surface_4,Surface_578,MP_SEL_SUR_034313.jpg,linear,linear,1
27,Surface_5,Surface_639,MP_SEL_SUR_039760.jpg,dot,dot,1
28,Surface_1,Surface_113,MP_SEL_SUR_008802.jpg,linear,linear,1
29,Surface_3,Surface_379,MP_SEL_SUR_021152.jpg,both,both,1
30,Surface_1,Surface_129,MP_SEL_SUR_009788.jpg,linear,linear,1
31,Surface_4,Surface_558,MP_SEL_SUR_036608.jpg,dot,dot,1
32,Surface_4,Surface_486,MP_SEL_SUR_030706.jpg,linear,linear,1
33,Surface_2,Surface_253,MP_SEL_SUR_016922.jpg,linear,linear,1
34,Surface_2,Surface_285,MP_SEL_SUR_018520.jpg,both,both,1
35,Surface_1,Surface_103,MP_SEL_SUR_007997.jpg,both,both,1
36,Surface_2,Surface_169,MP_SEL_SUR_012154.jpg,both,both,1
37,Surface_2,Surface_274,MP_SEL_SUR_017930.jpg,dot,dot,1
38,Surface_5,Surface_766,MP_SEL_SUR_045496.jpg,dot,dot,1
39,Surface_3,Surface_384,MP_SEL_SUR_024500.jpg,linear,linear,1
40,Surface_3,Surface_311,MP_SEL_SUR_021905.jpg,linear,linear,1
41,Surface_2,Surface_270,MP_SEL_SUR_017745.jpg,linear,linear,1
42,Surface_2,Surface_182,MP_SEL_SUR_014045.jpg,dot,dot,1
43,Surface_5,Surface_737,MP_SEL_SUR_044077.jpg,both,both,1
44,Surface_2,Surface_207,MP_SEL_SUR_015280.jpg,linear,linear,1
45,Surface_3,Surface_357,MP_SEL_SUR_023505.jpg,linear,linear,1
46,Surface_5,Surface_722,MP_SEL_SUR_043331.jpg,dot,dot,1
47,Surface_1,Surface_015,MP_SEL_SUR_001754.jpg,linear,linear,1
48,Surface_1,Surface_012,MP_SEL_SUR_001332.jpg,linear,linear,1
49,Surface_5,Surface_656,MP_SEL_SUR_035753.jpg,linear,linear,1
50,Surface_2,Surface_189,MP_SEL_SUR_014383.jpg,dot,dot,1
51,Surface_4,Surface_492,MP_SEL_SUR_030988.jpg,dot,dot,1
52,Surface_4,Surface_544,MP_SEL_SUR_033331.jpg,linear,linear,1
53,Surface_1,Surface_105,MP_SEL_SUR_008158.jpg,linear,linear,1
54,Surface_1,Surface_007,MP_SEL_SUR_000779.jpg,both,both,1
55,Surface_1,Surface_115,MP_SEL_SUR_009003.jpg,both,both,1
56,Surface_2,Surface_169,MP_SEL_SUR_012126.jpg,linear,linear,1
57,Surface_3,Surface_422,MP_SEL_SUR_026438.jpg,dot,dot,1
58,Surface_1,Surface_105,MP_SEL_SUR_008159.jpg,linear,linear,1
59,Surface_3,Surface_374,MP_SEL_SUR_024350.jpg,linear,linear,1
60,Surface_2,Surface_138,MP_SEL_SUR_010267.jpg,dot,dot,1
61,Surface_2,Surface_248,MP_SEL_SUR_016646.jpg,dot,dot,1
62,Surface_2,Surface_170,MP_SEL_SUR_012265.jpg,linear,linear,1
63,Surface_2,Surface_273,MP_SEL_SUR_017901.jpg,dot,dot,1
64,Surface_3,Surface_422,MP_SEL_SUR_026396.jpg,dot,dot,1
65,Surface_1,Surface_022,MP_SEL_SUR_002623.jpg,linear,linear,1
66,Surface_1,Surface_130,MP_SEL_SUR_009868.jpg,dot,dot,1
67,Surface_5,Surface_710,MP_SEL_SUR_042717.jpg,dot,dot,1
68,Surface_4,Surface_603,MP_SEL_SUR_034713.jpg,dot,dot,1
69,Surface_4,Surface_480,MP_SEL_SUR_027867.jpg,linear,linear,1
70,Surface_1,Surface_059,MP_SEL_SUR_005524.jpg,linear,linear,1
71,Surface_2,Surface_168,MP_SEL_SUR_012097.jpg,dot,dot,1
72,Surface_3,Surface_426,MP_SEL_SUR_026768.jpg,linear,linear,1
73,Surface_3,Surface_444,MP_SEL_SUR_029183.jpg,linear,linear,1
74,Surface_1,Surface_006,MP_SEL_SUR_000617.jpg,dot,dot,1
75,Surface_1,Surface_049,MP_SEL_SUR_004923.jpg,linear,linear,1
76,Surface_5,Surface_755,MP_SEL_SUR_044980.jpg,both,both,1
77,Surface_5,Surface_735,MP_SEL_SUR_043963.jpg,dot,dot,1
78,Surface_3,Surface_437,MP_SEL_SUR_028817.jpg,linear,linear,1
79,Surface_5,Surface_796,MP_SEL_SUR_046994.jpg,linear,linear,1
80,Surface_1,Surface_041,MP_SEL_SUR_004259.jpg,dot,dot,1
81,Surface_5,Surface_764,MP_SEL_SUR_045429.jpg,linear,linear,1
82,Surface_1,Surface_010,MP_SEL_SUR_001111.jpg,none,dot,0
83,Surface_1,Surface_044,MP_SEL_SUR_004452.jpg,dot,dot,1
84,Surface_1,Surface_074,MP_SEL_SUR_007307.jpg,linear,linear,1
85,Surface_2,Surface_156,MP_SEL_SUR_011179.jpg,both,both,1
86,Surface_3,Surface_338,MP_SEL_SUR_022889.jpg,linear,linear,1
87,Surface_3,Surface_379,MP_SEL_SUR_021198.jpg,linear,linear,1
88,Surface_3,Surface_379,MP_SEL_SUR_021143.jpg,linear,linear,1
89,Surface_1,Surface_023,MP_SEL_SUR_002692.jpg,linear,linear,1
90,Surface_1,Surface_085,MP_SEL_SUR_006463.jpg,linear,linear,1
91,Surface_5,Surface_762,MP_SEL_SUR_045290.jpg,linear,linear,1
92,Surface_3,Surface_407,MP_SEL_SUR_025655.jpg,dot,dot,1
93,Surface_1,Surface_005,MP_SEL_SUR_000590.jpg,dot,dot,1
94,Surface_1,Surface_011,MP_SEL_SUR_001255.jpg,linear,linear,1
95,Surface_5,Surface_743,MP_SEL_SUR_044341.jpg,dot,dot,1
96,Surface_4,Surface_534,MP_SEL_SUR_032816.jpg,dot,dot,1
97,Surface_2,Surface_296,MP_SEL_SUR_019299.jpg,none,dot,0
98,Surface_3,Surface_453,MP_SEL_SUR_027289.jpg,linear,linear,1
99,Surface_3,Surface_380,MP_SEL_SUR_021227.jpg,linear,linear,1
100,Surface_1,Surface_019,MP_SEL_SUR_002262.jpg,dot,dot,1
101,Surface_3,Surface_424,MP_SEL_SUR_026543.jpg,dot,dot,1
102,Surface_1,Surface_130,MP_SEL_SUR_009845.jpg,linear,linear,1
103,Surface_1,Surface_023,MP_SEL_SUR_002666.jpg,linear,linear,1
104,Surface_5,Surface_791,MP_SEL_SUR_046752.jpg,dot,dot,1
105,Surface_3,Surface_470,MP_SEL_SUR_030183.jpg,dot,dot,1
106,Surface_3,Surface_371,MP_SEL_SUR_024204.jpg,dot,dot,1
107,Surface_3,Surface_440,MP_SEL_SUR_028982.jpg,dot,dot,1
108,Surface_4,Surface_601,MP_SEL_SUR_034568.jpg,linear,linear,1
109,Surface_1,Surface_010,MP_SEL_SUR_001135.jpg,linear,linear,1
110,Surface_4,Surface_606,MP_SEL_SUR_038419.jpg,dot,dot,1
111,Surface_1,Surface_046,MP_SEL_SUR_004668.jpg,dot,dot,1
112,Surface_3,Surface_408,MP_SEL_SUR_025691.jpg,linear,linear,1
113,Surface_5,Surface_751,MP_SEL_SUR_044761.jpg,dot,dot,1
114,Surface_3,Surface_360,MP_SEL_SUR_023667.jpg,linear,linear,1
115,Surface_4,Surface_568,MP_SEL_SUR_037068.jpg,both,both,1
116,Surface_2,Surface_132,MP_SEL_SUR_009969.jpg,linear,linear,1
117,Surface_2,Surface_217,MP_SEL_SUR_012825.jpg,dot,dot,1
118,Surface_1,Surface_005,MP_SEL_SUR_000569.jpg,dot,dot,1
119,Surface_1,Surface_025,MP_SEL_SUR_002917.jpg,dot,dot,1
120,Surface_4,Surface_482,MP_SEL_SUR_030482.jpg,linear,linear,1
121,Surface_2,Surface_286,MP_SEL_SUR_018535.jpg,dot,dot,1
122,Surface_2,Surface_225,MP_SEL_SUR_015848.jpg,linear,linear,1
123,Surface_1,Surface_103,MP_SEL_SUR_008036.jpg,dot,dot,1
124,Surface_3,Surface_321,MP_SEL_SUR_019725.jpg,linear,linear,1
125,Surface_3,Surface_425,MP_SEL_SUR_026695.jpg,dot,dot,1
126,Surface_2,Surface_221,MP_SEL_SUR_015661.jpg,dot,dot,1
127,Surface_1,Surface_029,MP_SEL_SUR_003275.jpg,dot,dot,1
128,Surface_3,Surface_311,MP_SEL_SUR_021890.jpg,dot,dot,1
129,Surface_3,Surface_404,MP_SEL_SUR_025525.jpg,dot,dot,1
130,Surface_1,Surface_099,MP_SEL_SUR_007176.jpg,linear,linear,1
131,Surface_1,Surface_015,MP_SEL_SUR_001714.jpg,linear,linear,1
132,Surface_5,Surface_676,MP_SEL_SUR_041331.jpg,dot,dot,1
133,Surface_4,Surface_509,MP_SEL_SUR_031558.jpg,both,both,1
134,Surface_4,Surface_583,MP_SEL_SUR_037554.jpg,linear,linear,1
135,Surface_2,Surface_209,MP_SEL_SUR_015386.jpg,dot,dot,1
136,Surface_2,Surface_261,MP_SEL_SUR_017307.jpg,linear,linear,1
137,Surface_4,Surface_596,MP_SEL_SUR_038205.jpg,both,both,1
138,Surface_5,Surface_714,MP_SEL_SUR_042913.jpg,dot,dot,1
139,Surface_5,Surface_775,MP_SEL_SUR_045951.jpg,dot,dot,1
140,Surface_5,Surface_681,MP_SEL_SUR_041557.jpg,both,both,1
141,Surface_3,Surface_422,MP_SEL_SUR_026436.jpg,linear,linear,1
142,Surface_3,Surface_434,MP_SEL_SUR_028668.jpg,none,none,1
143,Surface_2,Surface_220,MP_SEL_SUR_015591.jpg,none,dot,0
144,Surface_3,Surface_410,MP_SEL_SUR_025783.jpg,linear,linear,1
145,Surface_1,Surface_019,MP_SEL_SUR_002197.jpg,dot,dot,1
146,Surface_4,Surface_512,MP_SEL_SUR_031693.jpg,dot,dot,1
147,Surface_2,Surface_219,MP_SEL_SUR_012973.jpg,linear,linear,1
148,Surface_4,Surface_569,MP_SEL_SUR_037117.jpg,dot,dot,1
149,Surface_1,Surface_107,MP_SEL_SUR_008335.jpg,dot,dot,1
150,Surface_1,Surface_068,MP_SEL_SUR_005965.jpg,both,both,1
151,Surface_5,Surface_658,MP_SEL_SUR_040404.jpg,dot,dot,1
152,Surface_1,Surface_043,MP_SEL_SUR_004407.jpg,dot,dot,1
153,Surface_1,Surface_024,MP_SEL_SUR_002782.jpg,linear,linear,1
154,Surface_1,Surface_027,MP_SEL_SUR_003134.jpg,dot,dot,1
155,Surface_3,Surface_409,MP_SEL_SUR_025775.jpg,linear,linear,1
156,Surface_4,Surface_581,MP_SEL_SUR_037425.jpg,dot,dot,1
157,Surface_4,Surface_510,MP_SEL_SUR_031600.jpg,dot,dot,1
158,Surface_2,Surface_297,MP_SEL_SUR_019425.jpg,both,both,1
159,Surface_4,Surface_511,MP_SEL_SUR_031629.jpg,linear,linear,1
160,Surface_4,Surface_584,MP_SEL_SUR_037597.jpg,dot,dot,1
161,Surface_4,Surface_481,MP_SEL_SUR_027945.jpg,linear,linear,1
162,Surface_2,Surface_165,MP_SEL_SUR_011869.jpg,dot,dot,1
163,Surface_5,Surface_741,MP_SEL_SUR_044246.jpg,dot,dot,1
164,Surface_3,Surface_307,MP_SEL_SUR_021695.jpg,both,both,1
165,Surface_1,Surface_016,MP_SEL_SUR_001896.jpg,linear,linear,1
166,Surface_3,Surface_469,MP_SEL_SUR_030133.jpg,dot,dot,1
167,Surface_4,Surface_483,MP_SEL_SUR_030530.jpg,both,both,1
168,Surface_3,Surface_318,MP_SEL_SUR_022252.jpg,dot,dot,1
169,Surface_5,Surface_710,MP_SEL_SUR_042692.jpg,linear,linear,1
170,Surface_2,Surface_227,MP_SEL_SUR_015928.jpg,linear,linear,1
171,Surface_4,Surface_573,MP_SEL_SUR_037353.jpg,both,both,1
172,Surface_4,Surface_607,MP_SEL_SUR_038472.jpg,none,dot,0
173,Surface_2,Surface_158,MP_SEL_SUR_011274.jpg,dot,dot,1
174,Surface_1,Surface_116,MP_SEL_SUR_009068.jpg,dot,dot,1
175,Surface_2,Surface_184,MP_SEL_SUR_014146.jpg,linear,linear,1
176,Surface_1,Surface_024,MP_SEL_SUR_002866.jpg,dot,dot,1
177,Surface_1,Surface_018,MP_SEL_SUR_002091.jpg,linear,both,0
178,Surface_4,Surface_492,MP_SEL_SUR_030976.jpg,dot,dot,1
179,Surface_2,Surface_175,MP_SEL_SUR_013717.jpg,dot,dot,1
180,Surface_3,Surface_376,MP_SEL_SUR_020958.jpg,dot,dot,1
181,Surface_3,Surface_435,MP_SEL_SUR_028712.jpg,both,both,1
182,Surface_5,Surface_687,MP_SEL_SUR_041865.jpg,linear,linear,1
183,Surface_5,Surface_734,MP_SEL_SUR_043925.jpg,linear,linear,1
184,Surface_3,Surface_397,MP_SEL_SUR_025160.jpg,dot,dot,1
185,Surface_2,Surface_276,MP_SEL_SUR_018033.jpg,linear,linear,1
186,Surface_4,Surface_548,MP_SEL_SUR_033516.jpg,dot,dot,1
187,Surface_3,Surface_325,MP_SEL_SUR_020040.jpg,dot,dot,1
188,Surface_1,Surface_045,MP_SEL_SUR_004577.jpg,linear,linear,1
189,Surface_4,Surface_484,MP_SEL_SUR_030578.jpg,linear,linear,1
190,Surface_3,Surface_467,MP_SEL_SUR_030032.jpg,dot,dot,1
191,Surface_3,Surface_328,MP_SEL_SUR_022385.jpg,none,dot,0
192,Surface_5,Surface_768,MP_SEL_SUR_045603.jpg,dot,dot,1
193,Surface_2,Surface_152,MP_SEL_SUR_010993.jpg,linear,linear,1
194,Surface_5,Surface_639,MP_SEL_SUR_039766.jpg,linear,linear,1
195,Surface_3,Surface_326,MP_SEL_SUR_020118.jpg,both,both,1
196,Surface_5,Surface_686,MP_SEL_SUR_041785.jpg,dot,dot,1
197,Surface_3,Surface_346,MP_SEL_SUR_023280.jpg,both,both,1
198,Surface_2,Surface_201,MP_SEL_SUR_014978.jpg,linear,linear,1
199,Surface_3,Surface_454,MP_SEL_SUR_027405.jpg,linear,linear,1
200,Surface_5,Surface_715,MP_SEL_SUR_042951.jpg,linear,linear,1
201,Surface_1,Surface_073,MP_SEL_SUR_006210.jpg,dot,dot,1
202,Surface_1,Surface_011,MP_SEL_SUR_001258.jpg,dot,dot,1
203,Surface_4,Surface_485,MP_SEL_SUR_030657.jpg,linear,linear,1
204,Surface_1,Surface_004,MP_SEL_SUR_000439.jpg,dot,dot,1
205,Surface_1,Surface_038,MP_SEL_SUR_004017.jpg,linear,linear,1
206,Surface_3,Surface_424,MP_SEL_SUR_026586.jpg,linear,linear,1
207,Surface_4,Surface_591,MP_SEL_SUR_037941.jpg,linear,linear,1
208,Surface_1,Surface_035,MP_SEL_SUR_003789.jpg,dot,dot,1
209,Surface_5,Surface_740,MP_SEL_SUR_044202.jpg,dot,dot,1
210,Surface_3,Surface_305,MP_SEL_SUR_021582.jpg,linear,linear,1
211,Surface_2,Surface_183,MP_SEL_SUR_014121.jpg,linear,linear,1
212,Surface_5,Surface_647,MP_SEL_SUR_040142.jpg,dot,dot,1
213,Surface_3,Surface_412,MP_SEL_SUR_025928.jpg,dot,dot,1
214,Surface_5,Surface_713,MP_SEL_SUR_042879.jpg,linear,linear,1
215,Surface_5,Surface_762,MP_SEL_SUR_045325.jpg,linear,linear,1
216,Surface_3,Surface_407,MP_SEL_SUR_025644.jpg,dot,dot,1
217,Surface_1,Surface_007,MP_SEL_SUR_000833.jpg,linear,linear,1
218,Surface_2,Surface_289,MP_SEL_SUR_018798.jpg,dot,dot,1
219,Surface_1,Surface_005,MP_SEL_SUR_000490.jpg,linear,linear,1
220,Surface_1,Surface_105,MP_SEL_SUR_008151.jpg,none,dot,0
221,Surface_5,Surface_730,MP_SEL_SUR_043691.jpg,linear,linear,1
222,Surface_2,Surface_149,MP_SEL_SUR_010829.jpg,linear,linear,1
223,Surface_3,Surface_437,MP_SEL_SUR_028820.jpg,linear,linear,1
224,Surface_2,Surface_238,MP_SEL_SUR_016499.jpg,dot,dot,1
225,Surface_2,Surface_227,MP_SEL_SUR_015947.jpg,linear,linear,1
226,Surface_5,Surface_800,MP_SEL_SUR_047230.jpg,dot,dot,1
227,Surface_2,Surface_175,MP_SEL_SUR_013720.jpg,linear,linear,1
228,Surface_1,Surface_036,MP_SEL_SUR_003848.jpg,dot,dot,1
229,Surface_4,Surface_526,MP_SEL_SUR_032404.jpg,dot,dot,1
230,Surface_4,Surface_571,MP_SEL_SUR_037261.jpg,dot,dot,1
231,Surface_3,Surface_438,MP_SEL_SUR_028895.jpg,both,both,1
232,Surface_1,Surface_015,MP_SEL_SUR_001772.jpg,dot,dot,1
233,Surface_2,Surface_274,MP_SEL_SUR_017971.jpg,linear,linear,1
234,Surface_2,Surface_225,MP_SEL_SUR_015863.jpg,linear,linear,1
235,Surface_1,Surface_064,MP_SEL_SUR_005789.jpg,both,both,1
236,Surface_1,Surface_072,MP_SEL_SUR_006167.jpg,dot,dot,1
237,Surface_3,Surface_357,MP_SEL_SUR_023516.jpg,dot,dot,1
238,Surface_2,Surface_168,MP_SEL_SUR_012041.jpg,both,both,1
239,Surface_1,Surface_035,MP_SEL_SUR_003782.jpg,dot,dot,1
240,Surface_5,Surface_767,MP_SEL_SUR_045554.jpg,dot,dot,1
241,Surface_3,Surface_457,MP_SEL_SUR_029518.jpg,dot,dot,1
242,Surface_2,Surface_161,MP_SEL_SUR_011524.jpg,linear,linear,1
243,Surface_1,Surface_052,MP_SEL_SUR_005163.jpg,dot,dot,1
244,Surface_4,Surface_488,MP_SEL_SUR_030768.jpg,linear,linear,1
245,Surface_1,Surface_108,MP_SEL_SUR_008403.jpg,dot,dot,1
246,Surface_5,Surface_748,MP_SEL_SUR_044603.jpg,linear,linear,1
247,Surface_2,Surface_138,MP_SEL_SUR_010250.jpg,dot,dot,1
248,Surface_1,Surface_044,MP_SEL_SUR_004470.jpg,dot,dot,1
249,Surface_2,Surface_157,MP_SEL_SUR_011238.jpg,linear,linear,1
250,Surface_1,Surface_005,MP_SEL_SUR_000488.jpg,both,both,1
251,Surface_3,Surface_466,MP_SEL_SUR_029962.jpg,both,both,1
252,Surface_3,Surface_423,MP_SEL_SUR_026462.jpg,linear,linear,1
253,Surface_1,Surface_105,MP_SEL_SUR_008210.jpg,linear,linear,1
254,Surface_4,Surface_575,MP_SEL_SUR_034082.jpg,dot,dot,1
255,Surface_5,Surface_691,MP_SEL_SUR_042056.jpg,linear,linear,1
256,Surface_5,Surface_646,MP_SEL_SUR_040095.jpg,dot,dot,1
257,Surface_1,Surface_125,MP_SEL_SUR_009582.jpg,dot,dot,1
258,Surface_2,Surface_288,MP_SEL_SUR_018666.jpg,linear,linear,1
259,Surface_3,Surface_325,MP_SEL_SUR_020078.jpg,dot,dot,1
260,Surface_2,Surface_195,MP_SEL_SUR_014726.jpg,linear,linear,1
261,Surface_5,Surface_718,MP_SEL_SUR_043130.jpg,both,both,1
262,Surface_3,Surface_323,MP_SEL_SUR_019883.jpg,dot,dot,1
263,Surface_1,Surface_017,MP_SEL_SUR_001934.jpg,dot,dot,1
264,Surface_2,Surface_187,MP_SEL_SUR_014301.jpg,linear,linear,1
265,Surface_4,Surface_481,MP_SEL_SUR_027906.jpg,dot,dot,1
266,Surface_3,Surface_350,MP_SEL_SUR_020441.jpg,dot,dot,1
267,Surface_4,Surface_480,MP_SEL_SUR_027876.jpg,linear,both,0
268,Surface_2,Surface_276,MP_SEL_SUR_018029.jpg,both,both,1
269,Surface_3,Surface_452,MP_SEL_SUR_027245.jpg,dot,dot,1
270,Surface_5,Surface_641,MP_SEL_SUR_039853.jpg,dot,dot,1
271,Surface_3,Surface_370,MP_SEL_SUR_024172.jpg,dot,dot,1
272,Surface_4,Surface_577,MP_SEL_SUR_034207.jpg,dot,dot,1
273,Surface_1,Surface_120,MP_SEL_SUR_009330.jpg,dot,dot,1
274,Surface_4,Surface_494,MP_SEL_SUR_031107.jpg,both,both,1
275,Surface_5,Surface_730,MP_SEL_SUR_043684.jpg,linear,linear,1
276,Surface_5,Surface_749,MP_SEL_SUR_044641.jpg,linear,linear,1
277,Surface_1,Surface_021,MP_SEL_SUR_002491.jpg,both,both,1
278,Surface_3,Surface_374,MP_SEL_SUR_024367.jpg,linear,linear,1
279,Surface_2,Surface_235,MP_SEL_SUR_016342.jpg,both,both,1
280,Surface_2,Surface_136,MP_SEL_SUR_010147.jpg,dot,dot,1
281,Surface_3,Surface_420,MP_SEL_SUR_026324.jpg,both,both,1
282,Surface_3,Surface_467,MP_SEL_SUR_030029.jpg,linear,linear,1
283,Surface_5,Surface_687,MP_SEL_SUR_041856.jpg,linear,linear,1
284,Surface_1,Surface_078,MP_SEL_SUR_007651.jpg,both,both,1
285,Surface_4,Surface_590,MP_SEL_SUR_037869.jpg,linear,linear,1
286,Surface_5,Surface_767,MP_SEL_SUR_045534.jpg,dot,dot,1
287,Surface_2,Surface_169,MP_SEL_SUR_012119.jpg,linear,linear,1
288,Surface_4,Surface_503,MP_SEL_SUR_028126.jpg,linear,linear,1
289,Surface_4,Surface_505,MP_SEL_SUR_028297.jpg,both,both,1
290,Surface_1,Surface_109,MP_SEL_SUR_008543.jpg,dot,dot,1
291,Surface_5,Surface_663,MP_SEL_SUR_040654.jpg,linear,linear,1
292,Surface_1,Surface_039,MP_SEL_SUR_004108.jpg,linear,linear,1
293,Surface_2,Surface_248,MP_SEL_SUR_016637.jpg,dot,dot,1
294,Surface_3,Surface_307,MP_SEL_SUR_021726.jpg,both,both,1
295,Surface_3,Surface_378,MP_SEL_SUR_021060.jpg,linear,linear,1
296,Surface_3,Surface_350,MP_SEL_SUR_020428.jpg,linear,linear,1
297,Surface_4,Surface_551,MP_SEL_SUR_033794.jpg,linear,linear,1
298,Surface_5,Surface_737,MP_SEL_SUR_044039.jpg,dot,dot,1
299,Surface_4,Surface_547,MP_SEL_SUR_033437.jpg,dot,dot,1
