idx,class,orig_class,filename,angle_deg,position,draft_angle,draft_position,angle_changed,position_changed,status
f0,3_left,2_front,20260919_203312.jpg,14.83,-2,14.83,-2,0,0,ok
f1,4_right,2_front,20260919_204800.jpg,-14.53,2,-14.53,2,0,0,ok
f2,3_left,2_front,20260919_205401.jpg,13.92,-2,13.92,-2,0,0,ok
f3,4_right,2_front,20260919_203747.jpg,-13.65,-2,-13.65,-2,0,0,ok
f4,3_left,2_front,20260831_201418.jpg,13.34,0,13.34,0,0,0,ok
f5,3_left,2_front,20260919_203118.jpg,12.91,-2,12.91,-2,0,0,ok
f6,2_front,2_front,20260824_200125.jpg,7.02,0,12.66,0,1,0,ok
f7,2_front,2_front,20260731_022025.jpg,7.84,2,12.55,2,1,0,ok
f8,3_left,2_front,20260919_201358.jpg,11.57,-2,11.57,-2,0,0,ok
f9,4_right,2_front,20260919_203804.jpg,-11.55,2,-11.55,2,0,0,ok
f10,4_right,2_front,20260919_205041.jpg,-11.49,-2,-11.50,-2,0,0,ok
f11,3_left,2_front,20260919_202528.jpg,11.49,-2,11.49,-2,0,0,ok
f12,3_left,2_front,20260919_192135.jpg,11.04,-2,11.04,-2,0,0,ok
f13,3_left,2_front,20260919_204930.jpg,10.70,-2,10.70,-2,0,0,ok
f14,4_right,2_front,20260919_204940.jpg,-10.03,2,-10.03,2,0,0,ok
f15,4_right,2_front,20260919_205147.jpg,-13.67,2,-9.31,2,1,0,ok
f16,4_right,2_front,20260919_204902.jpg,-4.92,2,-8.76,2,1,0,ok
f17,3_left,2_front,20260919_205042.jpg,8.51,-2,8.51,-2,0,0,ok
f18,3_left,2_front,20260920_203738.jpg,8.49,-2,8.49,-2,0,0,ok
f19,2_front,2_front,20260731_014407.jpg,4.44,0,7.77,0,1,0,ok
f20,3_left,2_front,20260831_201438.jpg,7.79,0,7.71,0,0,0,ok
f21,4_right,2_front,20260919_205102.jpg,-7.70,2,-7.70,2,0,0,ok
f22,2_front,2_front,20260828_103725.jpg,-2.83,0,-7.56,0,1,0,ok
f23,2_front,2_front,20260831_200216.jpg,5.95,0,7.24,0,1,0,ok
f24,2_front,2_front,20260831_201244.jpg,1.89,0,7.23,0,1,0,ok
f25,4_right,2_front,20260919_204854.jpg,-7.13,-2,-7.13,-2,0,0,ok
f26,2_front,2_front,20251119_130610_033_saved.jpg,0.61,0,7.06,0,1,0,ok
f27,4_right,2_front,20260919_203110.jpg,-7.39,2,-6.98,2,0,0,ok
f28,2_front,2_front,20260731_014838.jpg,-0.95,0,6.93,0,1,0,ok
f29,2_front,2_front,20260812_203837.jpg,-6.39,0,6.92,0,1,0,ok
f30,2_front,2_front,20260819_122945.jpg,4.11,2,6.91,2,1,0,ok
f31,2_front,2_front,20251119_164354_070_saved.jpg,0.40,1,6.63,1,1,0,ok
f32,2_front,2_front,20260828_104200.jpg,-6.96,0,-6.57,0,0,0,ok
f33,3_left,2_front,20260919_203748.jpg,10.18,-2,6.53,-2,1,0,ok
f34,2_front,2_front,20260902_173827.jpg,0.84,0,6.47,0,1,0,ok
f35,2_front,2_front,20260831_201147.jpg,0.52,0,6.26,0,1,0,ok
f36,2_front,2_front,20260828_104644.jpg,1.83,0,5.95,0,1,0,ok
f37,2_front,2_front,20251119_163013_023_saved.jpg,4.09,1,5.83,1,1,0,ok
f38,2_front,2_front,20260731_014020.jpg,1.13,0,5.57,0,1,0,ok
f39,4_right,2_front,20260919_203050.jpg,-8.87,2,-5.57,2,1,0,ok
f40,2_front,2_front,20260731_013101.jpg,-2.01,0,-5.48,0,1,0,ok
f41,3_left,2_front,20260919_205128.jpg,8.94,-2,5.41,-2,1,0,ok
f42,2_front,2_front,20251119_175647_072_saved.jpg,0.36,-1,5.33,-1,1,0,ok
f43,4_right,2_front,20251119_163010_026_saved.jpg,-11.20,0,-5.27,0,1,0,ok
